code; name; state; owner; latitude; longitude; kind; size; difficulty; terrain; status; hidden_date; founds; not_founds; favourites; altitude
GC110VR;Senhora do Monte [Leiria];LEIRIA;cc_pt;39.689933;-8.761367;TRADITIONAL;REGULAR;2;2;AVAILABLE;2007/02/18;601;1;2;281
GC13MBB;Fogo;VILA REAL;Reino Maravilhoso;41.172633;-7.67215;MULTI;REGULAR;2;2;AVAILABLE;2007/06/14;95;2;4;616
GC13JZ6;Monte S. Joao de Valinhas [Arouca];AVEIRO;daraopedal;40.93585;-8.263967;TRADITIONAL;SMALL;2;2.5;AVAILABLE;2007/06/08;93;3;1;429
GCNEHE;DP5- Nutty Toon Cache;LISBOA;danieloliveira;38.754033;-9.431683;TRADITIONAL;SMALL;3.5;4.5;AVAILABLE;2005/04/11;204;15;32;-9999999
GC1059M;Nossa Senhora Mae de Deus e dos Homens [Pragal];SETUBAL;cyclopes;38.6748;-9.173017;TRADITIONAL;MICRO;1.5;1;AVAILABLE;2007/01/01;945;32;1;74
GC156RW;Praia da Angra da Cerva [Milfontes Powertrail #5];BEJA;vsergios;37.7518;-8.807383;TRADITIONAL;SMALL;1.5;2.5;AVAILABLE;2007/08/13;407;2;15;33
GCRM30;Santa Paleozoica [Valongo - pt+en];PORTO;caixeiros;41.1438;-8.467883;TRADITIONAL;SMALL;2;3;AVAILABLE;2005/12/10;197;5;7;347
GC112BQ;As Meninas d'Odivelas;LISBOA;vsergios;38.790833;-9.181833;TRADITIONAL;MICRO;1.5;1.5;AVAILABLE;2007/02/21;761;39;7;-9999999
GC174F5;Ermida de Santo Amaro - A Capela Geodesica;BEJA;Almodovar;37.519583;-8.077683;TRADITIONAL;REGULAR;3.5;2;AVAILABLE;2007/11/02;250;3;25;331
GCKH20;BH06 Estrela Garden [Lisboa];LISBOA;prodrive;38.714217;-9.15805;TRADITIONAL;MICRO;2;2;DISABLED;2004/09/11;935;74;11;84
GCT68J;Senhora da Luz;LEIRIA;nunaum;39.685183;-8.884;TRADITIONAL;SMALL;1.5;1.5;AVAILABLE;2006/01/27;552;23;14;120
GCKC67;Pico da Vara;ARQUIPELAGO DOS ACORES;Tech of Sweden;37.81025;-25.212367;TRADITIONAL;REGULAR;1.5;3.5;AVAILABLE;2004/08/19;230;2;14;1026
GC140Y9;Ponto Novo;LEIRIA;dupladepeso;39.765533;-9.003867;MULTI;SMALL;3;2.5;AVAILABLE;2007/06/30;442;39;5;93
GCP877;Marconi [Oeiras];LISBOA;nunogil;38.7189;-9.242033;TRADITIONAL;SMALL;1.5;1.5;AVAILABLE;2005/06/09;462;31;2;-9999999
GC15FJM;Arnadelo (Vila Real);VILA REAL;prodrive;41.261067;-7.793433;TRADITIONAL;SMALL;1;2;AVAILABLE;2007/08/27;132;1;2;679
GC1778M;Palhota [Cartaxo];SANTAREM;FamiliaSilvestre;39.061983;-8.776917;MULTI;SMALL;1.5;1.5;AVAILABLE;2007/11/03;224;8;7;6
GC12Z01;Obelisco da Memoria [Perafita - Matosinhos];PORTO;p@Che;41.232033;-8.7215;TRADITIONAL;MICRO;1.5;1.5;AVAILABLE;2007/05/16;1103;26;9;6
GC13J9M;Seaside Paradise;FARO;kidloco;37.088467;-8.1957;TRADITIONAL;SMALL;1.5;2;AVAILABLE;2007/06/29;1182;17;67;3
GCZWE8;All roads lead to Rome;BRAGANCA;danieloliveira;41.7888;-6.89305;TRADITIONAL;REGULAR;2;2;AVAILABLE;2006/12/19;86;0;4;744
GC14RQQ;Into the Unknown [Torredeita, Viseu];VISEU;Bringer;40.634539;-8.028031;MULTI;REGULAR;2;3.5;AVAILABLE;2007/07/28;67;7;3;420
GCK8F1;J-ATBASH-te Banho? [VN1000F];BEJA;paulohercules;37.715567;-8.777217;TRADITIONAL;SMALL;2;4;AVAILABLE;2004/08/01;499;56;108;33
GCW1JD;Amon Hen II - O Cume da Visao;LISBOA;MAntunes;38.777967;-9.464317;TRADITIONAL;REGULAR;2;2.5;AVAILABLE;2006/05/14;375;54;86;-9999999
GCQ6JN;Senhora da Guia [Belinho - Esposende];BRAGA;Paulo618;41.591083;-8.777633;TRADITIONAL;REGULAR;2;1.5;AVAILABLE;2005/08/18;621;8;10;-9999999
GC15MGZ;MONTE DO CASTRO MOZINHO ;PORTO;eterlusitano;41.145967;-8.311483;TRADITIONAL;SMALL;1.5;1.5;AVAILABLE;2007/09/03;242;1;9;386
GCKYQH;Chafariz de Loures;LISBOA;clcortez;38.830283;-9.16755;MULTI;REGULAR;2.5;2;AVAILABLE;2004/10/30;283;21;44;22
GC15E3K;Colcurinho [Oliveira do Hospital];COIMBRA;team.fafnir;40.27795;-7.830183;MULTI;REGULAR;2;2;AVAILABLE;2007/08/26;130;6;37;650
GCMA2Z;Nascentes do Liz [Leiria];LEIRIA;olharapo;39.684867;-8.7678;TRADITIONAL;REGULAR;2;3.5;AVAILABLE;2004/12/19;512;27;6;101
GCPKZJ;Historical Villages - Marialva;GUARDA;MAntunes;40.913733;-7.230883;TRADITIONAL;REGULAR;2;2;DISABLED;2005/07/06;308;16;37;-9999999
GC162D8;MARANCINHO;PORTO;eterlusitano;41.263333;-8.031483;MULTI;SMALL;1.5;2;AVAILABLE;2007/09/19;38;7;1;255
GC15FJM;Arnadelo (Vila Real);VILA REAL;prodrive;41.261067;-7.793433;TRADITIONAL;SMALL;1;2;AVAILABLE;2007/08/27;132;1;2;679
GC12V5Q;AMARANTE E MUSICA PROS NOSSOS OUVIDOS;PORTO;eterlusitano;41.267817;-8.079017;MULTI;MICRO;2.5;2;AVAILABLE;2007/05/11;138;15;11;-9999999
GCT86B;Aire [Ourem];SANTAREM;HDV;39.535883;-8.6366;TRADITIONAL;REGULAR;1;3;AVAILABLE;2006/01/30;218;1;11;672
GC1196Z;MARAGOUTOS ;PORTO;eterlusitano;41.3264;-8.272233;MULTI;REGULAR;2;2.5;AVAILABLE;2007/03/01;87;8;7;483
GCX4WA;The Battle [Sao Pedro das Cabecas];BEJA;CrisLuiz;37.6778;-8.035417;TRADITIONAL;REGULAR;1.5;1.5;AVAILABLE;2006/07/14;276;2;8;234
GCPRKF;Penedo do Lexim Earthcache;LISBOA;lynx pardinus;38.8925;-9.311617;EARTHCACHE;NOT_CHOSEN;1;1;AVAILABLE;2005/07/18;335;0;45;186
GCRH8W;A walk in the Park [Lisboa];LISBOA;Felinos;38.728767;-9.152033;MULTI;SMALL;2;1.5;DISABLED;2005/12/02;1076;83;24;73
GC11PQH;ABOBOREIRA;PORTO;eterlusitano;41.16155;-8.0321;MULTI;REGULAR;2;3;AVAILABLE;2007/03/24;49;4;0;547
GC11501;Cividade de Bagunte;PORTO;kidloco;41.383167;-8.656117;TRADITIONAL;SMALL;1.5;2;AVAILABLE;2007/02/25;389;2;6;193
GCXVWF;Casa Florestal do Pisao;VISEU;Panda Becas;40.799417;-8.129917;TRADITIONAL;REGULAR;2;2;AVAILABLE;2006/08/20;231;2;4;521
GC11AJM;S. Miguel do Rio Torto 1 (Abrantes);SANTAREM;Akagi;39.441933;-8.20435;MULTI;REGULAR;2;3;AVAILABLE;2007/03/08;141;5;8;42
GCNEHE;DP5- Nutty Toon Cache;LISBOA;danieloliveira;38.754033;-9.431683;TRADITIONAL;SMALL;3.5;4.5;AVAILABLE;2005/04/11;204;15;32;-9999999
GC15P9Z;AA11 - Dom Quixote;SANTAREM;K!mPossible;39.588083;-8.67485;TRADITIONAL;REGULAR;2.5;2;AVAILABLE;2007/09/04;167;3;0;459
GC1119W;Serra Sagrada de Grandola;SETUBAL;os_cinco_airados;38.16815;-8.585267;TRADITIONAL;SMALL;1;1.5;AVAILABLE;2007/02/19;251;2;4;139
GC15MGZ;MONTE DO CASTRO MOZINHO ;PORTO;eterlusitano;41.145967;-8.311483;TRADITIONAL;SMALL;1.5;1.5;AVAILABLE;2007/09/03;242;1;9;386
GCHYTT;Alvao - Ranhadouro;VILA REAL;vfalco;41.34395;-7.8213;TRADITIONAL;REGULAR;2;1;AVAILABLE;2004/03/14;111;1;2;1156
GCXB38;Passeio pelo Parque de Montachique [ Loures ];LISBOA;B.O.D.A.;38.904567;-9.184233;TRADITIONAL;SMALL;3.5;3;AVAILABLE;2006/07/22;608;10;2;-9999999
GCX4WA;The Battle [Sao Pedro das Cabecas];BEJA;CrisLuiz;37.6778;-8.035417;TRADITIONAL;REGULAR;1.5;1.5;AVAILABLE;2006/07/14;276;2;8;234
GC15CA6;SR. DO CASTELO ;PORTO;eterlusitano;41.23475;-8.029967;TRADITIONAL;MICRO;2;2.5;AVAILABLE;2007/08/24;71;3;3;488
GC16M14;Santuario da Senhora da Rocha;LISBOA;Kelux;38.721333;-9.24975;MULTI;REGULAR;2;2;AVAILABLE;2007/10/12;317;28;7;28
GCMXZR;Senhora do Monte;LISBOA;[Walrus];38.719483;-9.132433;TRADITIONAL;MICRO;2.5;1.5;AVAILABLE;2005/02/27;1017;151;39;80
GC15XNT;Lenda de N. Sra. das Neves [Bagunte-Vila do Conde];PORTO;eniel;41.3895;-8.64465;TRADITIONAL;SMALL;2;2;AVAILABLE;2007/09/13;297;1;3;-9999999
GCZM61;Vista de passaro;FARO;pfudiebe;37.088117;-8.718317;TRADITIONAL;REGULAR;1.5;1.5;AVAILABLE;2006/12/01;874;1;21;97
GCMFRX;Cerro de S. Miguel [Moncarapacho];FARO;Torgut;37.10215;-7.83275;TRADITIONAL;REGULAR;2;2;AVAILABLE;2005/01/11;410;5;13;363
GCXMV2;Forte de Milreus [Mafra];LISBOA;Bargao_Henriques;38.983333;-9.420317;TRADITIONAL;REGULAR;2;2;AVAILABLE;2006/08/11;861;2;40;20
GC145CT;Olha os Passarinhos !!! [Lagoa de Obidos];LEIRIA;McPenha;39.399583;-9.1868;TRADITIONAL;REGULAR;1.5;1.5;AVAILABLE;2007/07/06;391;6;5;5
GC1563P;MOSTEIRO DE CETE;PORTO;eterlusitano;41.180367;-8.366517;TRADITIONAL;SMALL;2;1;AVAILABLE;2007/08/15;350;17;3;153
GC166KP;MIRADOURO DA BONECA;BRAGA;teotonio;41.72775;-8.171183;TRADITIONAL;SMALL;2.5;4;AVAILABLE;2007/09/24;426;6;35;683
GC11Z6V;Marco dos 4 Concelhos [ARC-VFR-CPV-GDM];AVEIRO;daraopedal;41.001783;-8.390133;TRADITIONAL;REGULAR;1.5;1.5;AVAILABLE;2007/04/06;90;1;5;460
GCPFNG;Linhas de Torres Monumento e Forte de Alhandra;LISBOA;lamas;38.925267;-9.015083;MULTI;SMALL;2;2.5;AVAILABLE;2005/06/26;278;13;9;65
GC132ZY;A mais antiga! [Lamego];VISEU;almeidara;41.107017;-7.783067;MULTI;REGULAR;1.5;1.5;AVAILABLE;2007/05/21;97;14;2;280
GCPJQV;SweetCam;FARO;argonauta;37.097117;-8.4714;WEBCAM;OTHER_SIZE;1;1;AVAILABLE;2005/07/04;1395;7;103;14
GC12Y4J;The Masterpiece (Serralves);PORTO;kidloco;41.159783;-8.659833;PUZZLE;SMALL;4;1.5;AVAILABLE;2007/05/19;235;33;24;-9999999
GCQJTW;Cerro da Cabeca Karren field [Olhao];FARO;alieri;37.109883;-7.7827;TRADITIONAL;REGULAR;2;4;AVAILABLE;2005/09/16;156;5;39;226
GCYVR7;Miradouros [Vouzela, Viseu];VISEU;almeidara;40.71565;-8.129633;MULTI;REGULAR;1.5;1.5;AVAILABLE;2006/10/13;129;6;4;430
GCH2DB;OuohhmmmOuohhmmmm [Pampilhosa da Serra];COIMBRA;ftomar;40.109867;-8.03905;MULTI;OTHER_SIZE;1;2;AVAILABLE;2003/10/11;75;3;6;991
GCQM5Z;The River [Vilar da Veiga- Geres];BRAGA;razalas;41.71125;-8.093267;TRADITIONAL;REGULAR;2;3;AVAILABLE;2005/09/16;339;6;15;420
GC16Q0V;Capela dos Ossos (Evora);EVORA;tirapicos team;38.568783;-7.9091;TRADITIONAL;MICRO;2.5;1.5;AVAILABLE;2007/10/14;2114;118;26;284
GCW37V;Lost in Cabeca [Seia];GUARDA;Geografo;40.319717;-7.737367;TRADITIONAL;SMALL;1.5;2.5;DISABLED;2006/05/17;135;19;10;477
GCWVKQ;The Stolen Gold of Romarigaes  [Paredes de Coura];VIANA DO CASTELO;Os Cacheiros Viajantes;41.866867;-8.6254;MULTI;REGULAR;3.5;3.5;AVAILABLE;2006/06/28;52;4;9;231
GC15WT1;Mas afinal o que e isto? [Azurara - Vila do Conde];PORTO;eniel;41.338967;-8.727583;PUZZLE;SMALL;3;1.5;AVAILABLE;2007/09/11;291;5;2;12
GC15HGH;Monte Ermo;BRAGANCA;pvasques;41.104767;-6.803583;TRADITIONAL;SMALL;3;2;AVAILABLE;2007/08/29;147;2;4;591
GC16F1H;View to Madeira;ARQUIPELAGO DA MADEIRA;Alexpxo;33.029533;-16.3822;TRADITIONAL;SMALL;1.5;2.5;AVAILABLE;2007/10/06;417;3;20;156
GC10FGA;Linhas de Torres e as Comunicacoes [Ponte do Rol];LISBOA;almeidara;39.08675;-9.32305;TRADITIONAL;REGULAR;1;1.5;AVAILABLE;2007/01/20;355;14;3;29
GCPTXZ;The Odeceixe Beach;BEJA;zoom_bee;37.444867;-8.798433;TRADITIONAL;REGULAR;1.5;2.5;AVAILABLE;2005/07/22;400;7;40;33
GC17620;Parque dos Moutidos;PORTO;My Greenway Tours;41.213433;-8.570183;TRADITIONAL;MICRO;1;1.5;AVAILABLE;2007/04/11;423;7;3;-9999999
GCMK7A;Linhas de Torres - Forte da Aguieira [V.F.Xira];LISBOA;lamas;38.898567;-9.070383;TRADITIONAL;REGULAR;2;2;AVAILABLE;2005/01/23;381;4;16;239
GCQ6ZB;Ria de Alvor - E preciso proteger;FARO;Psipsina;37.12345;-8.613617;TRADITIONAL;SMALL;2;2.5;AVAILABLE;2005/08/19;849;15;15;3
GC12QF5;Miradouro de  Boticas;VILA REAL;Silvana;41.687633;-7.665867;MULTI;REGULAR;2;1.5;AVAILABLE;2007/05/06;129;8;7;-9999999
GC13HQD;Amadeo;PORTO;kidloco;41.267317;-8.082517;TRADITIONAL;MICRO;2;1.5;AVAILABLE;2007/06/29;144;42;1;-9999999
GC12D6E;Gruta do Porto Covo [Alcabideche];LISBOA;MakoShark2;38.7545;-9.424167;TRADITIONAL;SMALL;1.5;1.5;AVAILABLE;2007/04/22;488;27;12;107
GCRAQA;Cabreia Paradise (Sever do Vouga);AVEIRO;zoom_bee;40.753567;-8.38995;TRADITIONAL;REGULAR;2;3;AVAILABLE;2005/11/13;511;21;77;260
GC7196;Megalithic Monuments (English version);PORTALEGRE;acaciolobo;39.424033;-7.476233;MULTI;REGULAR;1.5;1.5;AVAILABLE;2002/07/15;137;1;8;473
GC15M5W;Santo Antonio dos Capuchos [Leiria];LEIRIA;AntMadeira;39.743917;-8.813867;TRADITIONAL;SMALL;1;1.5;DISABLED;2007/09/02;1304;37;0;61
GC16FRZ;APULIA - PMI 2;BRAGA;eterlusitano;41.488867;-8.78305;TRADITIONAL;SMALL;1.5;1.5;AVAILABLE;2007/10/07;540;65;1;3
GCT9EM;Pomarao;BEJA;clcortez;37.55375;-7.525767;TRADITIONAL;REGULAR;3;2.5;AVAILABLE;2006/01/30;82;2;8;12
GC12DVZ;Barquinha e o Tejo aqui ao lado;SANTAREM;Paulo Martins;39.457333;-8.432383;MULTI;REGULAR;1.5;1;AVAILABLE;2007/04/24;490;32;7;25
GCED4F;The Jewell of Saphire;EVORA;GreenShades;38.61655;-8.32341;TRADITIONAL;LARGE;2;1;AVAILABLE;2003/03/02;484;26;118;204
GC15G66;S. MAMEDE DE NEGRELOS ;PORTO;eterlusitano;41.343;-8.354833;TRADITIONAL;SMALL;3.5;1.5;AVAILABLE;2007/08/28;180;10;1;256
GC127CE;Baia do Seixal;SETUBAL;PPereira;38.639933;-9.105767;TRADITIONAL;SMALL;1.5;1;AVAILABLE;2007/04/16;964;19;5;5
GCRFDP;Pateira de Fermentelos [Agueda];AVEIRO;Macafe;40.573333;-8.527017;MULTI;REGULAR;2;1.5;AVAILABLE;2005/11/26;343;7;16;16
GC174K8;ARRIFE Twins III;SANTAREM;sammendes;39.532533;-8.595517;TRADITIONAL;SMALL;2;3.5;AVAILABLE;2007/11/02;107;4;6;184
GC11BE;LIS Spotter's Place;LISBOA;dmatos;38.7801;-9.140717;VIRTUAL;VIRTUAL;2;3;AVAILABLE;2001/07/21;1202;3;58;117
GC1050A;BH37 Devils in Danger - Portugal [Lisboa];LISBOA;prodrive;38.7418;-9.185383;TRADITIONAL;SMALL;1.5;1.5;AVAILABLE;2007/01/05;749;38;1;123
GC16D8X;Caca ao Tesouro;SANTAREM;ftomar;39.689383;-8.234267;TRADITIONAL;SMALL;1;1;AVAILABLE;2007/09/29;322;1;11;185
GC16EQA;ST48 - MONTE DE S. PEDRO FINS;BRAGA;SPY_Team;41.6586;-8.359467;TRADITIONAL;REGULAR;2;3;AVAILABLE;2007/10/05;118;1;2;510
GCPAA4;A Hora do Lobo [Mafra];LISBOA;btrodrigues;38.960633;-9.27165;MULTI;REGULAR;2.5;2.5;AVAILABLE;2005/06/14;180;8;8;190
GC14T2P;Aqueduto dos Pegoes [Thomar];SANTAREM;paulohercules;39.608567;-8.440617;MULTI;SMALL;2;4;AVAILABLE;2007/08/19;495;16;165;105
GC16KXG;Espelho de Agua [Beja];BEJA;alieri;38.02185;-7.874717;TRADITIONAL;MICRO;1.5;1;AVAILABLE;2007/10/07;571;20;8;235
GCP6G6;Azenha do Tenente  [Fragoso ? Barcelos];BRAGA;OlhoMeirinho;41.621483;-8.712117;TRADITIONAL;NOT_CHOSEN;2;2.5;AVAILABLE;2005/06/05;242;11;0;25
GC105X2;Vilar Maior [Sabugal];GUARDA;HDV;40.476367;-6.940467;MULTI;LARGE;3;3;AVAILABLE;2007/01/03;40;8;3;775
GC172HY;Acude do Furadouro [Mora];EVORA;elpombero;38.967967;-8.209417;TRADITIONAL;SMALL;1;1.5;AVAILABLE;2007/10/30;323;8;3;53
GC12FB1;House of Diamonds  [Lisboa];LISBOA;btrodrigues;38.708483;-9.1326;TRADITIONAL;MICRO;2;1.5;DISABLED;2007/05/12;1712;77;66;-9999999
GC15R79;Capela do Vale;SANTAREM;sammendes;39.485167;-8.535383;TRADITIONAL;SMALL;2.5;2;AVAILABLE;2007/09/07;702;22;14;32
GC16AY7;Funicular dos Guindais;PORTO;Macafe;41.143217;-8.608167;TRADITIONAL;SMALL;2;1.5;AVAILABLE;2007/09/02;2402;56;70;81
GC12K45;A Lenda [Sancta Irena];SANTAREM;s.paula;39.236233;-8.672717;MULTI;SMALL;2;2;AVAILABLE;2007/05/01;212;32;5;15
GCZ5KE;Castro Zambujal [Torres Vedras];LISBOA;MONTE DA LUA;39.0747;-9.2847;TRADITIONAL;REGULAR;2.5;1.5;AVAILABLE;2006/11/01;354;3;6;-9999999
GC14AHX;CONVENTO DE ALPENDURADA;PORTO;eterlusitano;41.0812;-8.236633;MULTI;SMALL;2;1.5;AVAILABLE;2007/07/12;130;9;8;117
GC16HBH;Sao Bartolomeu do Outeiro;EVORA;tirapicos team;38.354267;-7.909483;MULTI;SMALL;2;1.5;AVAILABLE;2007/10/07;82;2;4;342
GC14NKV;Bureau de Change;FARO;cmma07;37.251117;-7.582683;TRADITIONAL;SMALL;1.5;3;AVAILABLE;2007/07/27;105;0;3;265
GC15WEE;QUE VISTA BEM APARECIDA !!;PORTO;eterlusitano;41.370667;-8.151967;TRADITIONAL;MICRO;2.5;2;AVAILABLE;2007/09/11;88;17;3;-9999999
GCXG2X;Uptown [Lisbon];LISBOA;B.O.D.A.;38.7798;-9.152917;TRADITIONAL;MICRO;3.5;1.5;AVAILABLE;2006/08/03;536;93;10;-9999999
GC14JYA;Praia da Falesia [Vilamoura];FARO;prodrive;37.0787;-8.1395;TRADITIONAL;REGULAR;1;2;AVAILABLE;2007/07/23;1280;33;24;7
GCVCCN;Fontes de Estombar (Lagoa);FARO;Psipsina;37.163567;-8.4873;TRADITIONAL;REGULAR;2;1.5;AVAILABLE;2006/04/12;646;11;20;10
GC14JYA;Praia da Falesia [Vilamoura];FARO;prodrive;37.0787;-8.1395;TRADITIONAL;REGULAR;1;2;AVAILABLE;2007/07/23;1280;33;24;7
GC12RXH;Funchal Walkabout;ARQUIPELAGO DA MADEIRA;The Garlands;32.6469;-16.9075;MULTI;MICRO;2;1.5;AVAILABLE;2007/07/24;1823;74;172;0
GC15NXD;The Lagos 6+1: #5 - Sao Sebastiao;FARO;Team Caracache;37.101433;-8.677867;MULTI;SMALL;1.5;2;AVAILABLE;2007/09/04;187;2;3;-9999999
GC15TPE;Sr. da Saude [Vale de Cambra];AVEIRO;daraopedal;40.800983;-8.382833;TRADITIONAL;SMALL;2;2.5;AVAILABLE;2007/09/08;233;2;0;687
GCKPHV;The dreamer?s door [Lisboa];LISBOA;btrodrigues;38.73805;-9.157417;TRADITIONAL;MICRO;2.5;2;AVAILABLE;2004/10/02;1103;78;13;55
GCPX7M;Passagem para a liberdade [Vilamoura];FARO;olharapo;37.073517;-8.12165;TRADITIONAL;SMALL;2;1;AVAILABLE;2005/07/23;2016;94;16;3
GCHZA1;Curral;ARQUIPELAGO DA MADEIRA;bacalhau;32.7097;-16.963917;TRADITIONAL;REGULAR;1.5;3;AVAILABLE;2004/02/16;917;14;53;-9999999
GCM7X7;HELP;LISBOA;k a k a u;39.017517;-9.226483;TRADITIONAL;REGULAR;2;1.5;AVAILABLE;2004/12/08;412;2;19;376
GC1119W;Serra Sagrada de Grandola;SETUBAL;os_cinco_airados;38.16815;-8.585267;TRADITIONAL;SMALL;1;1.5;AVAILABLE;2007/02/19;251;2;4;139
GC166CQ;Talasnal;COIMBRA;almeidara;40.09255;-8.227067;TRADITIONAL;REGULAR;2;2;AVAILABLE;2007/09/23;428;8;35;472
GC11Y69;Falha do Louro [Palmela];SETUBAL;truta;38.560583;-8.925483;TRADITIONAL;REGULAR;3;3.5;AVAILABLE;2007/03/24;338;11;59;196
GCM6HK;The Wolf Trap (Vila Real);VILA REAL;zoom_bee;41.391117;-7.71955;TRADITIONAL;REGULAR;1.5;1.5;AVAILABLE;2004/12/01;142;2;13;833
GC14EE5;?Just another Spot? [Cordoama];FARO;Walcarr;37.105517;-8.9369;TRADITIONAL;REGULAR;1.5;1.5;AVAILABLE;2007/07/16;420;3;17;94
GC14ADZ;Vale da Lapa - B44;LEIRIA;bmps2003;39.594083;-8.72015;TRADITIONAL;REGULAR;3;4;AVAILABLE;2007/07/12;162;9;7;424
GC176YG;Poco das Pias;GUARDA;nmcouto;40.4558;-7.395583;TRADITIONAL;REGULAR;4;4.5;AVAILABLE;2007/11/05;47;3;1;917
GC10V1Z;A Grande Castanheira [Vinhais];BRAGANCA;Pinaster;41.8605;-7.026033;MULTI;SMALL;1.5;1.5;AVAILABLE;2007/02/08;78;1;4;818
GC1196Z;MARAGOUTOS ;PORTO;eterlusitano;41.3264;-8.272233;MULTI;REGULAR;2;2.5;AVAILABLE;2007/03/01;87;8;7;483
GC16AZ6;AA13 - A Nossa Praia [Praia do Pedrogao];LEIRIA;Paulo_Domingues;39.91605;-8.954717;TRADITIONAL;SMALL;2.5;2;AVAILABLE;2007/09/30;820;30;1;2
GC11WKC;Senhor dos Martires [Alcacer do Sal];SETUBAL;almeidara;38.372867;-8.520783;TRADITIONAL;REGULAR;1.5;1.5;AVAILABLE;2007/04/02;862;25;20;28
GC16MM8;RELOGIO DE SOL - ALPEDRIZ;LEIRIA;NSilva & Gorete;39.6267;-8.94945;MULTI;SMALL;1;1.5;AVAILABLE;2007/10/13;304;3;0;42
GCN1A1;Porta da Traicao;LEIRIA;olharapo;39.747167;-8.809833;TRADITIONAL;REGULAR;2;4;AVAILABLE;2005/03/07;1126;52;157;-9999999
GCZCAW;eMula [Sintra];LISBOA;SUp3rFM & Cruella;38.765;-9.422833;PUZZLE;SMALL;3;2.5;AVAILABLE;2006/11/15;222;24;11;-9999999
GC16Q0V;Capela dos Ossos (Evora);EVORA;tirapicos team;38.568783;-7.9091;TRADITIONAL;MICRO;2.5;1.5;AVAILABLE;2007/10/14;2114;118;26;284
GC1563H;Capela Sao Luis da Serra [Setubal];SETUBAL;NFreitas;38.5291;-8.932633;MULTI;REGULAR;3;2.5;AVAILABLE;2007/08/15;319;5;1;154
GCX69C;O Naufragio do San Pedro de Alcantara [Peniche];LEIRIA;paulohercules;39.375167;-9.3786;TRADITIONAL;OTHER_SIZE;2;2;AVAILABLE;2006/07/16;1492;49;69;2
GC12PBC;Letterbox Ti Jacinto [Alenquer];LISBOA;mtrevas;39.067367;-9.083333;LETTERBOX;REGULAR;3;2;AVAILABLE;2007/05/06;122;3;26;135
GC11YE6;The Peak of Peaks [Braga];BRAGA;jcr;41.565367;-8.342783;TRADITIONAL;REGULAR;3.5;4;AVAILABLE;2007/04/05;119;5;7;549
GCVWZ4;A cache do Roger [Orion's Belt];LISBOA;RogerOliveira;38.758083;-9.481267;TRADITIONAL;REGULAR;1;3.5;AVAILABLE;2006/05/07;190;1;27;28
GCKQG3;Antenas do Marao;VILA REAL;loilok;41.24855;-7.887417;TRADITIONAL;SMALL;2;1.5;AVAILABLE;2004/09/09;185;16;7;1401
GCMD0V;A crianca que veio do passado [Leiria];LEIRIA;Baunilha & Chocolate;39.756517;-8.73405;TRADITIONAL;REGULAR;2;3;AVAILABLE;2005/01/01;389;19;11;-9999999
GCKGCX;Ilha das Berlengas (Peniche);LEIRIA;tetra;39.417833;-9.503117;TRADITIONAL;REGULAR;1.5;4;DISABLED;2004/08/27;571;21;40;0
GCZFDX;A'caca no Sal;SETUBAL;almeidara;38.3738;-8.510517;MULTI;REGULAR;1.5;1.5;AVAILABLE;2006/11/21;445;8;10;42
GC14Z2W;Santa Marta Hill;SANTAREM;sammendes;39.491167;-8.666467;MULTI;REGULAR;2;2;AVAILABLE;2007/08/06;150;9;5;176
GC15KMM;Barragem da Bouca;LEIRIA;salta-pocinhas;39.8549;-8.222967;TRADITIONAL;REGULAR;2;3;AVAILABLE;2007/09/02;128;4;4;-9999999
GCR9RW;Cantaro Magro;GUARDA;nat_cache;40.328033;-7.5991;TRADITIONAL;REGULAR;2;4.5;AVAILABLE;2005/11/05;249;7;79;-9999999
GC159NY;CIRCUITO DOS MOINHOS DE ARGONTIM;BRAGA;eterlusitano;41.430317;-8.082;MULTI;SMALL;2;1.5;AVAILABLE;2007/08/21;33;12;2;-9999999
GCY1YC;SE de Portugal [V.R. Sto. Antonio];FARO;NFreitas;37.187317;-7.4164;MULTI;SMALL;2;1.5;AVAILABLE;2006/08/31;515;62;5;2
GCPAZT;Historical Villages - Castelo Mendo;GUARDA;[Walrus];40.591483;-6.9487;TRADITIONAL;REGULAR;2;2.5;AVAILABLE;2005/06/16;357;6;22;705
GC14QEY;Percurso Aldeia Nova [Monte Gordo];FARO;alieri;37.179317;-7.466617;TRADITIONAL;SMALL;2.5;1.5;AVAILABLE;2007/07/28;627;11;8;5
GCKMJH;Dinosaur Trackways Natural Monument;SANTAREM;CarFil;39.570567;-8.591367;TRADITIONAL;REGULAR;2.5;2;AVAILABLE;2004/10/02;422;6;11;316
GC11JM4;Pousada [Almada];SETUBAL;almeidara;38.676817;-9.178433;MULTI;REGULAR;1.5;2;AVAILABLE;2007/03/20;202;17;9;-9999999
GCPM58;The Giants of Don Quijote - Sabugal;GUARDA;amoreira;40.3064;-7.155867;PUZZLE;REGULAR;1;1;AVAILABLE;2005/07/08;70;3;1;-9999999
GCM8AA;Mosteiro de Cos [Alcobaca];LEIRIA;olharapo;39.605683;-8.95495;TRADITIONAL;REGULAR;2.5;2;AVAILABLE;2004/12/10;404;16;4;82
GCM88K;Agua e Gelo [Castanheira de Pera];LEIRIA;Baunilha & Chocolate;40.078667;-8.162033;MULTI;REGULAR;3.5;3.5;AVAILABLE;2004/12/09;123;7;38;-9999999
GC15APY;A cache no centro [Charneca Caparica];SETUBAL;almeidara;38.589833;-9.198667;PUZZLE;MICRO;2.5;1.5;AVAILABLE;2007/08/21;175;8;2;63
GCVNAD;Arvores [Lindoso];VIANA DO CASTELO;K!nder;41.866233;-8.199833;TRADITIONAL;SMALL;2;2.5;AVAILABLE;2006/04/24;598;24;41;448
GC16J8A;Mosteiro de Santa Clara a Velha;COIMBRA;All Happy;40.202217;-8.432383;TRADITIONAL;SMALL;2;1.5;AVAILABLE;2007/10/26;2574;27;29;-9999999
GC178CM;Ilha da Pomba;EVORA;Francis Carm;38.22035;-7.46975;TRADITIONAL;REGULAR;2.5;4.5;AVAILABLE;2007/11/07;34;0;1;142
GCYNHZ;Cinco Quinas [Sabugal];GUARDA;pipl;40.351483;-7.094733;TRADITIONAL;SMALL;1.5;1.5;AVAILABLE;2006/10/04;467;7;4;746
GCPRK6;Parque Natural de S. Matias;VISEU;jorgeconceicao;40.795;-7.661967;TRADITIONAL;REGULAR;1;2;AVAILABLE;2005/07/17;79;2;4;719
GC14Z6Y;VISTAS DE S. DOMINGOS ;AVEIRO;eterlusitano;41.0271;-8.351633;TRADITIONAL;REGULAR;1.5;1.5;AVAILABLE;2007/08/06;152;15;12;390
GC16JE9;YACIN - Coa [Sabugal];GUARDA;HDV;40.277667;-6.865433;TRADITIONAL;LARGE;2;2.5;AVAILABLE;2007/10/10;78;1;6;1158
GCZ5XH;Monte do Bernardino [Alhandra];LISBOA;miguelrk;38.936983;-9.042;MULTI;MICRO;3;3.5;AVAILABLE;2006/11/01;96;0;9;274
GCPCMB;Braga por um Canudo;BRAGA;Pedro_Alvares_Cabral ;41.553983;-8.381417;MULTI;REGULAR;2;3;AVAILABLE;2005/06/20;502;23;27;291
GCXVT1;Areeiro - Pinhal de Leiria;LEIRIA;MR.MAG00;39.813967;-8.972167;TRADITIONAL;REGULAR;2.5;3.5;AVAILABLE;2006/08/20;350;6;32;67
GC54DD;Last Home of Gertrude [Mafra];LISBOA;MikeAndCows;38.88511;-9.3433;TRADITIONAL;REGULAR;3;3;AVAILABLE;2002/05/05;414;2;101;-9999999
GC15D70;Rego do Boi [Arouca];AVEIRO;daraopedal;40.972467;-8.138667;TRADITIONAL;SMALL;1.5;2;AVAILABLE;2007/08/25;94;2;5;579
GCMA7E;Na Mouche;LISBOA;btrodrigues;38.792633;-9.091483;PUZZLE;REGULAR;3;1.5;AVAILABLE;2004/12/20;434;65;14;0
GC141XD;Moinho das Doze Pedras;COIMBRA;Tres Marias;40.114032;-8.817144;TRADITIONAL;REGULAR;2;2;AVAILABLE;2007/07/01;254;7;6;6
GC11C9F;DP 33 - Serra de Bornes;BRAGANCA;danieloliveira;41.43285;-7.008567;TRADITIONAL;SMALL;1.5;2;AVAILABLE;2007/03/09;94;7;8;1134
GC167C2;Ermidas-Sado [Santiago do Cacem];SETUBAL;MightyReek;38.002817;-8.414183;MULTI;SMALL;2;2;AVAILABLE;2007/09/25;95;19;5;-9999999
GC15CGR;Zavial Beach [Vila do Bispo];FARO;Jdmarques;37.0462;-8.87255;TRADITIONAL;SMALL;2;3;AVAILABLE;2007/08/24;609;12;24;6
GC16FRZ;APULIA - PMI 2;BRAGA;eterlusitano;41.488867;-8.78305;TRADITIONAL;SMALL;1.5;1.5;AVAILABLE;2007/10/07;540;65;1;3
GC113WE;Graffiti House [VN1000Fontes];BEJA;Limao;37.745283;-8.792233;TRADITIONAL;SMALL;2;3;AVAILABLE;2007/02/20;448;4;11;53
GCRTE1;Vila da Povoa de Mon Real;LEIRIA;CastorSereno;39.85015;-8.856167;TRADITIONAL;MICRO;2.5;1.5;AVAILABLE;2005/12/31;695;39;5;38
GC16ZE4;Cais do Ginjal [Cacilhas];SETUBAL;tmob;38.6874;-9.152283;MULTI;REGULAR;2;2;AVAILABLE;2007/10/26;487;24;18;11
GC16041;R12 Fojo Lobal [Cabreira - Vieira do Minho];BRAGA;jcr;41.63145;-8.030383;TRADITIONAL;SMALL;1.5;1.5;AVAILABLE;2007/09/16;42;2;0;1082
GC17AKM;Forte do Cavalo - Farois de Portugal;SETUBAL;PPereira;38.43465;-9.116317;TRADITIONAL;REGULAR;2;2.5;AVAILABLE;2007/11/10;849;15;1;8
GCRR0E;Os Calvarios;BEJA;MAntunes;37.7;-7.446183;MULTI;REGULAR;2;4;AVAILABLE;2005/12/26;36;3;17;63
GCV58K;GnE II ? Picota [Rio Maior];SANTAREM;clcortez;39.3607;-8.943717;TRADITIONAL;REGULAR;2;2.5;AVAILABLE;2006/03/27;409;4;0;115
GC1C89;A Praia e o Rio [Ericeira];LISBOA;btrodrigues;38.937;-9.413833;TRADITIONAL;REGULAR;1.5;2;AVAILABLE;2001/09/11;524;8;40;61
GCWDRF;Paul de Arzila [Coimbra];COIMBRA;cachespoter;40.178517;-8.554533;TRADITIONAL;REGULAR;1.5;1.5;AVAILABLE;2006/06/02;392;9;12;-9999999
GCF83C;A fronteira de Baixo [Castro Laboreiro];VIANA DO CASTELO;rob_geo;41.94855;-8.184467;TRADITIONAL;REGULAR;2;2.5;AVAILABLE;2003/04/12;88;7;11;571
GCT7ET;PORTAS DE S.PEDRO;PORTO;tapauere;41.288267;-8.612117;TRADITIONAL;REGULAR;2;1.5;AVAILABLE;2006/01/29;569;17;1;132
GC16KA8;Bob o Construtor [Alenquer];LISBOA;mtrevas;39.03605;-8.98635;PUZZLE;SMALL;4;1.5;AVAILABLE;2007/10/11;195;2;9;22
GCPTNN;Castro de Sao Paio [Labruge - Vila do Conde];PORTO;protoZoa;41.280533;-8.729833;TRADITIONAL;REGULAR;1;2;AVAILABLE;2005/07/20;743;5;39;7
GC12QF5;Miradouro de  Boticas;VILA REAL;Silvana;41.687633;-7.665867;MULTI;REGULAR;2;1.5;AVAILABLE;2007/05/06;129;8;7;-9999999
GCRFDP;Pateira de Fermentelos [Agueda];AVEIRO;Macafe;40.573333;-8.527017;MULTI;REGULAR;2;1.5;AVAILABLE;2005/11/26;343;7;16;16
GC154CN;My Precious...;SANTAREM;tiand;39.551367;-8.293983;TRADITIONAL;REGULAR;3;5;AVAILABLE;2007/07/31;269;5;23;-9999999
GC16ZJ3;PARQUE DA CIDADE DE PAREDES;PORTO;eterlusitano;41.208733;-8.3252;TRADITIONAL;SMALL;1.5;1.5;AVAILABLE;2007/10/26;315;83;1;-9999999
GC14N3M;Castro de Romariz [S.M. Feira];AVEIRO;daraopedal;40.945967;-8.459933;TRADITIONAL;SMALL;1.5;1.5;AVAILABLE;2007/07/22;193;7;6;355
GCW7E3;Lince-iberico (Lynx pardinus);CASTELO BRANCO;olharapo;40.232117;-7.07065;TRADITIONAL;REGULAR;1;4.5;AVAILABLE;2006/05/24;40;0;1;1000
GCVYCY;Couto de Baixo [Viseu];VISEU;almeidara;40.658017;-8.0066;MULTI;REGULAR;1;1;AVAILABLE;2006/05/08;159;6;1;382
GCXFPA;Escada do Ceu;ARQUIPELAGO DOS ACORES;pattertwig;39.455033;-31.25225;TRADITIONAL;SMALL;2;3.5;AVAILABLE;2006/07/28;90;2;17;-9999999
GC12QG5;KING OF THE WORLD;VILA REAL;Silvana;41.601633;-7.726033;TRADITIONAL;REGULAR;2;3;AVAILABLE;2007/05/06;47;0;5;860
GCYP99;Nossa Senhora da Abadia - Bouro Sta Maria, Amares;BRAGA;Jafqa;41.674067;-8.260233;MULTI;REGULAR;2.5;4;AVAILABLE;2006/10/05;125;14;7;-9999999
GCVPTW;O Mar e a Terra;COIMBRA;miguelmjeronimo;40.202467;-8.892733;TRADITIONAL;MICRO;2;3;AVAILABLE;2006/04/28;300;37;11;176
GC11BWX;DP32 - Vila Boa de Ousilhao;BRAGANCA;danieloliveira;41.805767;-6.9166;TRADITIONAL;SMALL;1.5;3;AVAILABLE;2007/03/08;45;0;0;639
GC14NV8;Alegrete;PORTALEGRE;luis74;39.236883;-7.324533;TRADITIONAL;SMALL;1;1.5;DISABLED;2007/07/27;126;22;11;-9999999
GC1563P;MOSTEIRO DE CETE;PORTO;eterlusitano;41.180367;-8.366517;TRADITIONAL;SMALL;2;1;AVAILABLE;2007/08/15;350;17;3;153
GCH37D;Alto da Memoria;LISBOA;B.O.D.A.;38.777933;-9.439783;TRADITIONAL;REGULAR;2.5;2;AVAILABLE;2003/10/19;561;15;18;-9999999
GCT7QN;What time is it? / Que horas sao? [Lisboa];LISBOA;rebordao;38.706233;-9.143067;PUZZLE;SMALL;3.5;2;AVAILABLE;2006/02/11;173;9;9;5
GC15Q0E;Garganta de Loriga;GUARDA;caedabarra;40.3317;-7.647267;TRADITIONAL;NOT_CHOSEN;2.5;4.5;AVAILABLE;2007/08/31;136;0;32;1498
GC15RF5;ST07 - CAPELA DE S. LOURENCO;BRAGA;SPY_Team;41.560367;-8.433683;MULTI;NOT_CHOSEN;1.5;1.5;AVAILABLE;2007/09/08;295;17;0;106
GC4T2NQ;First cache in Madeira;ARQUIPELAGO DA MADEIRA;Geocalheta;32.640717;-16.935767;TRADITIONAL;MICRO;1.5;1.5;AVAILABLE;2001/11/07;539;35;24;125
GCG39A;The Tin Man [Lisboa];LISBOA;btrodrigues;38.768933;-9.115733;TRADITIONAL;SMALL;1.5;1.5;DISABLED;2003/05/11;1368;52;18;43
GC15XNT;Lenda de N. Sra. das Neves [Bagunte-Vila do Conde];PORTO;eniel;41.3895;-8.64465;TRADITIONAL;SMALL;2;2;AVAILABLE;2007/09/13;297;1;3;-9999999
GC178TB;LAGOA AO VENTO (VG);BRAGA;eterlusitano;41.506417;-8.092883;TRADITIONAL;SMALL;2;2;AVAILABLE;2007/11/08;150;0;2;733
GCKGDF;Tou a Nora... [Galafura];VILA REAL;Silvana;41.173083;-7.67235;MULTI;REGULAR;1;1;AVAILABLE;2004/09/05;126;9;12;617
GC1483D;CORNOS DAS ALTURAS!;VILA REAL;Drager;41.710033;-7.824117;MULTI;REGULAR;4;3.5;AVAILABLE;2007/07/09;35;6;5;-9999999
GCG9P6;Taipa [Paderne];FARO;afonso_loureiro;37.159383;-8.199967;TRADITIONAL;REGULAR;2.5;3;AVAILABLE;2003/06/15;667;5;9;-9999999
GC169NM;Mae Soberana [Loule];FARO;VespaFriendsAlgarve;37.140317;-8.035867;MULTI;REGULAR;1.5;1.5;AVAILABLE;2007/09/29;473;4;6;173
GCZM6R;Caldas de Monchique;FARO;ShadowLord;37.28475;-8.55405;MULTI;REGULAR;2;3;AVAILABLE;2006/12/01;315;50;38;207
GC16657;Fafiao - Varanda das Sombrosas;BRAGA;naventuras;41.733567;-8.078883;TRADITIONAL;SMALL;1.5;4;AVAILABLE;2007/09/23;87;1;21;815
GCVN3W;The Mountain Shrine [Lousa];COIMBRA;Geografo;40.0983;-8.236367;TRADITIONAL;MICRO;3.5;2;AVAILABLE;2006/04/24;585;7;30;-9999999
GC1030Y;Abutres!;CASTELO BRANCO;MAntunes;39.66005;-7.175167;MULTI;REGULAR;2;2.5;AVAILABLE;2006/12/29;31;1;11;161
GC164Z9;TP65- E tudo o vento levou [Cabeco de Montachique];LISBOA;btrodrigues;38.898417;-9.194083;TRADITIONAL;SMALL;1.5;3;AVAILABLE;2007/09/23;592;21;45;-9999999
GCP6G6;Azenha do Tenente  [Fragoso ? Barcelos];BRAGA;OlhoMeirinho;41.621483;-8.712117;TRADITIONAL;NOT_CHOSEN;2;2.5;AVAILABLE;2005/06/05;242;11;0;25
GC16HG3;PILAR ;PORTO;eterlusitano;41.286617;-8.427467;TRADITIONAL;SMALL;3.5;2.5;AVAILABLE;2007/10/08;174;1;3;472
GC167C2;Ermidas-Sado [Santiago do Cacem];SETUBAL;MightyReek;38.002817;-8.414183;MULTI;SMALL;2;2;AVAILABLE;2007/09/25;95;19;5;-9999999
GC151A2;Beleza da Barragem do Alto Rabagao;VILA REAL;Silvana;41.745533;-7.775717;TRADITIONAL;REGULAR;2;1.5;AVAILABLE;2007/08/04;158;0;8;884
GC14849;Sino dos Mouros [Moledo];VIANA DO CASTELO;My Greenway Tours;41.836767;-8.866417;TRADITIONAL;SMALL;3;4;AVAILABLE;2007/07/08;215;33;20;-9999999
GC13JYV;A Cache do Luis;PORTALEGRE;luis74;38.9163;-7.654117;TRADITIONAL;REGULAR;2.5;3;AVAILABLE;2007/06/07;44;2;4;449
GCZ6BA;Lusiadas [Lisboa];LISBOA;almeidara;38.702183;-9.182833;PUZZLE;REGULAR;3;1.5;AVAILABLE;2006/11/03;302;11;5;27
GC14RQQ;Into the Unknown [Torredeita, Viseu];VISEU;Bringer;40.634539;-8.028031;MULTI;REGULAR;2;3.5;AVAILABLE;2007/07/28;67;7;3;420
GC14562;Foz Castle;PORTO;kidloco;41.149067;-8.673833;MULTI;MICRO;2;1.5;AVAILABLE;2007/07/12;242;36;7;7
GC12WX3;Anta... [Mangualde];VISEU;cmatos;40.570117;-7.771;TRADITIONAL;REGULAR;1.5;1.5;AVAILABLE;2007/05/12;270;4;5;398
GC14ZY4;Armona [Olhao];FARO;FamiliaSilvestre;37.016433;-7.79615;TRADITIONAL;SMALL;1.5;1.5;AVAILABLE;2007/08/02;276;30;6;1
GCAA8D;Cold Spring [Tomar];SANTAREM;pmateus21;39.677467;-8.437883;TRADITIONAL;SMALL;2;2;AVAILABLE;2002/11/10;351;34;4;91
GC13MBA;Agua;VILA REAL;Reino Maravilhoso;41.17365;-7.671567;MULTI;REGULAR;2;2;AVAILABLE;2007/06/14;79;6;5;616
GC179EE;Nossa Senhora da Arrabida;SETUBAL;Os Galaxy;38.4942;-8.9669;TRADITIONAL;REGULAR;1.5;1;AVAILABLE;2007/11/09;689;17;10;-9999999
GCRTEH;Monte Redondo;LEIRIA;mafilll;39.89235;-8.8434;TRADITIONAL;SMALL;2.5;3;AVAILABLE;2007/04/08;369;17;4;60
GC127DV;Santuario do Senhor Do Monte;VILA REAL;Silvana;41.67715;-7.621667;TRADITIONAL;REGULAR;2;3;AVAILABLE;2007/04/10;94;1;0;641
GCG2QA;Palmela;SETUBAL;Chris & Martha;38.566183;-8.900283;VIRTUAL;VIRTUAL;1.5;2.5;AVAILABLE;2003/05/07;768;5;45;238
GC12RWF;Woodpecker Club;PORTO;kidloco;41.152867;-8.658867;PUZZLE;MICRO;3.5;1.5;AVAILABLE;2007/05/10;228;3;11;30
GC16B2G;Espigueiros de Soajo;VIANA DO CASTELO;Fernando Rei;41.872217;-8.262517;MULTI;SMALL;3;2;AVAILABLE;2007/09/30;181;20;31;282
GCPR5F;Castelo e Meio;COIMBRA;maillart;40.031533;-8.389867;MULTI;REGULAR;2;2.5;AVAILABLE;2005/07/17;220;52;16;264
GCVZ7D;GnE II d - Oferta de emprego: Pirata! [Cascais];LISBOA;rebordao;38.750367;-9.471583;TRADITIONAL;SMALL;2.5;4;AVAILABLE;2006/05/10;250;6;57;31
GCKPNA;Vera Cruz [Portel];EVORA;clcortez;38.229383;-7.680567;TRADITIONAL;REGULAR;2.5;2;AVAILABLE;2004/09/19;133;10;8;308
GC1483D;CORNOS DAS ALTURAS!;VILA REAL;Drager;41.710033;-7.824117;MULTI;REGULAR;4;3.5;AVAILABLE;2007/07/09;35;6;5;-9999999
GC173T7;Farol do cabo (Sesimbra);SETUBAL;Os Galaxy;38.41495;-9.21665;TRADITIONAL;SMALL;2;1;AVAILABLE;2007/11/01;1292;19;11;121
GCTYDB;Ruinas do Pharol do Cabo Mondego;COIMBRA;rifkindsss;40.181233;-8.90505;MULTI;SMALL;2;2;AVAILABLE;2006/03/18;551;12;6;61
GC15X30;CASTELO DE BODE;SANTAREM;Paulo Martins;39.540917;-8.3207;TRADITIONAL;REGULAR;1.5;2.5;AVAILABLE;2007/09/12;473;1;25;72
GC10VPJ;Penha do Meio-Dia - Montejunto;LISBOA;McPenha;39.18855;-9.05465;TRADITIONAL;REGULAR;2;3;AVAILABLE;2007/02/09;403;2;46;544
GCJW6E;Cristo Rei [Almada];SETUBAL;btrodrigues;38.678433;-9.170417;TRADITIONAL;SMALL;1.5;1.5;AVAILABLE;2004/07/03;1813;43;55;-9999999
GC10K6Z;The Enigma Experience;FARO;Team Caracache;37.1056;-8.6776;PUZZLE;REGULAR;2.5;1;AVAILABLE;2007/01/27;193;6;21;-9999999
GC147F4;Conto de Fadas II - [Monsaraz];EVORA;NestumMel;38.4465;-7.379;TRADITIONAL;REGULAR;1.5;2;AVAILABLE;2007/07/08;841;4;28;296
GC132Q8;Geol. Time: an Ordovician perspective - DP/EC11;BEJA;danieloliveira;38.151367;-6.985917;EARTHCACHE;NOT_CHOSEN;1;1;AVAILABLE;2007/05/21;72;0;7;183
GC15RTQ;TF-06 Pedra Rolante;LEIRIA;trifaisca;39.5732;-8.851067;MULTI;REGULAR;1.5;2;AVAILABLE;2007/09/08;115;5;3;490
GC8F8B;The Lying Man [ Valenca ];VIANA DO CASTELO;flashkent;41.990017;-8.549917;TRADITIONAL;REGULAR;3.5;3.5;AVAILABLE;2002/09/15;73;3;23;582
GC174KW;ARRIFE Twins IV;SANTAREM;sammendes;39.546617;-8.586667;TRADITIONAL;SMALL;2;3.5;AVAILABLE;2007/11/02;99;2;4;186
GCF83C;A fronteira de Baixo [Castro Laboreiro];VIANA DO CASTELO;rob_geo;41.94855;-8.184467;TRADITIONAL;REGULAR;2;2.5;AVAILABLE;2003/04/12;88;7;11;571
GC16K7J;Da Oliveira a Penha II [Guimaraes];BRAGA;hfilipe;41.445583;-8.292517;MULTI;REGULAR;2.5;2;AVAILABLE;2006/04/30;249;13;12;205
GCYKH1;Tremelgo nas alturas [Marinha Grande];LEIRIA;olharapo;39.737217;-8.9674;TRADITIONAL;REGULAR;2;5;AVAILABLE;2006/09/17;197;21;73;81
GC16TVF;Ganda Pedrada ... [Serra da Peneda];VIANA DO CASTELO;pxlobo;41.928983;-8.2917;TRADITIONAL;REGULAR;2;4.5;AVAILABLE;2007/10/14;48;0;16;1393
GC14Y7J;Entre-Aguas - Benavila;PORTALEGRE;NGCAvis;39.117167;-7.8682;TRADITIONAL;SMALL;2;1;AVAILABLE;2007/08/05;226;5;4;127
GCX64D;Posto de Vigia Monte Redondo [Arganil];COIMBRA;maillart;40.205117;-7.959217;TRADITIONAL;REGULAR;2;2.5;AVAILABLE;2006/07/16;130;0;5;950
GC16D8X;Caca ao Tesouro;SANTAREM;ftomar;39.689383;-8.234267;TRADITIONAL;SMALL;1;1;AVAILABLE;2007/09/29;322;1;11;185
GC15999;CABECEIRAS A VISTA;BRAGA;eterlusitano;41.490767;-8.02445;TRADITIONAL;REGULAR;2.5;2;AVAILABLE;2007/08/20;60;2;2;750
GCGE98;Vale das Buracas;COIMBRA;MAntunes;40.046383;-8.4954;TRADITIONAL;REGULAR;2.5;3.5;AVAILABLE;2003/07/09;369;30;56;293
GCTC1P;The Watchtower [Lisboa];LISBOA;Felinos;38.730783;-9.131667;TRADITIONAL;SMALL;1.5;2;DISABLED;2006/02/07;870;46;25;91
GC10GWX;Quatrim do Sul [Olhao];FARO;Torgut;37.035017;-7.7992;TRADITIONAL;REGULAR;2;2;DISABLED;2007/01/22;363;25;5;1
GCWQ23;Sao Jeronimo [Lisboa da Expansao];LISBOA;almeidara;38.7013;-9.213633;PUZZLE;SMALL;1.5;1.5;AVAILABLE;2006/06/21;395;50;8;55
GC1216J;CRASTO;VILA REAL;NSilva & Gorete;41.402817;-7.380033;TRADITIONAL;REGULAR;2;2.5;AVAILABLE;2007/04/08;77;0;5;-9999999
GCW29Z;PROJECTO VG - MANIQUE ;LISBOA;All Happy;38.747567;-9.361633;TRADITIONAL;SMALL;1.5;3;AVAILABLE;2006/05/15;275;26;5;175
GCQNA5;Penedo da Saudade [Coimbra];COIMBRA;gredinha;40.204733;-8.415267;TRADITIONAL;SMALL;2;1;AVAILABLE;2005/09/22;2254;27;42;97
GCT6B6;As Muralhas do Mondego;COIMBRA;lestro;40.1758;-8.68345;TRADITIONAL;REGULAR;1;1.5;AVAILABLE;2006/01/27;1015;9;20;48
GCV4HP;Era uma vez... na Serra da Boa Viagem;COIMBRA;rifkindsss;40.192967;-8.882983;TRADITIONAL;REGULAR;1.5;1.5;AVAILABLE;2006/03/29;669;67;5;238
GCNVB0;Forte do Pessegueiro;SETUBAL;GlorfindelPT;37.827683;-8.791817;TRADITIONAL;REGULAR;1;2;AVAILABLE;2005/05/08;1473;9;73;-9999999
GCWZWZ;Mother's cache [Milky Way];LISBOA;danieloliveira;38.7634;-9.488017;TRADITIONAL;SMALL;1.5;2;AVAILABLE;2006/07/06;228;1;30;-9999999
GCVZ7D;GnE II d - Oferta de emprego: Pirata! [Cascais];LISBOA;rebordao;38.750367;-9.471583;TRADITIONAL;SMALL;2.5;4;AVAILABLE;2006/05/10;250;6;57;31
GCWQ24;Passeio Publico [Lisboa Romantica];LISBOA;almeidara;38.71575;-9.1417;MULTI;MICRO;1.5;1.5;AVAILABLE;2006/06/26;416;40;34;22
GCZWE8;All roads lead to Rome;BRAGANCA;danieloliveira;41.7888;-6.89305;TRADITIONAL;REGULAR;2;2;AVAILABLE;2006/12/19;86;0;4;744
GCW8TE;Samarra [Sintra];LISBOA;paulohercules;38.896983;-9.43525;TRADITIONAL;SMALL;2.5;2.5;AVAILABLE;2006/05/27;326;43;19;-9999999
GCGGAY;The Lonely Lookout;LISBOA;GreenShades;38.769783;-9.4938;TRADITIONAL;REGULAR;2;3;AVAILABLE;2003/07/12;232;5;66;67
GC16ZJ3;PARQUE DA CIDADE DE PAREDES;PORTO;eterlusitano;41.208733;-8.3252;TRADITIONAL;SMALL;1.5;1.5;AVAILABLE;2007/10/26;315;83;1;-9999999
GCW620;Castelo [Alusbona];LISBOA;almeidara;38.713206;-9.132102;TRADITIONAL;MICRO;2.5;1;AVAILABLE;2006/05/22;2567;149;15;79
GC12MV8;Santo Isidro de Pegoes [Montijo];SETUBAL;Tanyne;38.681733;-8.664017;TRADITIONAL;SMALL;1;1;AVAILABLE;2007/05/05;542;11;7;60
GCPRK6;Parque Natural de S. Matias;VISEU;jorgeconceicao;40.795;-7.661967;TRADITIONAL;REGULAR;1;2;AVAILABLE;2005/07/17;79;2;4;719
GCJ639;Bicas Beach [Aldeia do Meco];SETUBAL;B.O.D.A.;38.459067;-9.195267;TRADITIONAL;REGULAR;2;3;AVAILABLE;2004/04/12;311;21;14;-9999999
GCW449;GnE II a - Segue o Coelho certo! / Down the Rabbit;LISBOA;B.O.D.A.;38.746483;-9.47055;TRADITIONAL;LARGE;3;2.5;AVAILABLE;2006/05/19;314;15;2;26
GC1672R;ST14 - SRA. DE FATIMA;BRAGA;SPY_Team;41.499417;-8.4486;MULTI;SMALL;1;1.5;AVAILABLE;2007/09/25;246;2;0;295
GC14Y8J;Respeitem o Ludo [Faro];FARO;hugo.jesus;37.03621;-7.98539;TRADITIONAL;SMALL;2;1.5;AVAILABLE;2007/08/05;514;5;4;8
GC14Z2W;Santa Marta Hill;SANTAREM;sammendes;39.491167;-8.666467;MULTI;REGULAR;2;2;AVAILABLE;2007/08/06;150;9;5;176
GCPZHC;The Lost Nazi Mine [Arouca];AVEIRO;Os Cacheiros Viajantes;40.872667;-8.1888;TRADITIONAL;SMALL;2.5;2.5;AVAILABLE;2005/07/29;636;2;208;-9999999
GC130DA;Cerro de Cabeco de Camara [Loule];FARO;Torgut;37.113617;-8.061033;TRADITIONAL;SMALL;1.5;2;AVAILABLE;2007/05/18;230;2;4;220
GC15NXD;The Lagos 6+1: #5 - Sao Sebastiao;FARO;Team Caracache;37.101433;-8.677867;MULTI;SMALL;1.5;2;AVAILABLE;2007/09/04;187;2;3;-9999999
GC11NCC;Walking on SW Cliff?s;FARO;tfernandes;37.428567;-8.8071;TRADITIONAL;REGULAR;2;2.5;AVAILABLE;2007/03/24;289;0;10;27
GC8EF9;AZGTJ - Translant Chess Cache;ARQUIPELAGO DOS ACORES;Gummy(Az) Team;38.73375;-27.054767;TRADITIONAL;REGULAR;1.5;2;AVAILABLE;2001/05/15;702;29;28;-9999999
GC1529A;Ponte da Panchorra;VISEU;blk.ngel;41.01435;-7.9755;TRADITIONAL;REGULAR;2;3;AVAILABLE;2007/08/11;109;6;6;1031
GC15999;CABECEIRAS A VISTA;BRAGA;eterlusitano;41.490767;-8.02445;TRADITIONAL;REGULAR;2.5;2;AVAILABLE;2007/08/20;60;2;2;750
GCKNMB;Old Dam Wall;FARO;outonaboat;37.149033;-8.69355;TRADITIONAL;REGULAR;2;1;AVAILABLE;2004/09/28;255;7;3;-9999999
GCVDGM;Matinha de Queluz #2;LISBOA;afonso_loureiro;38.744483;-9.258817;TRADITIONAL;SMALL;2;2;DISABLED;2006/07/23;607;9;2;-9999999
GC16670;LAMEIRINHA ;BRAGA;eterlusitano;41.487333;-8.0689;TRADITIONAL;SMALL;3;2;AVAILABLE;2007/09/23;193;6;33;-9999999
GC15MQC;Make the Audience Suffer!;FARO;Team Caracache;37.099617;-8.671783;PUZZLE;MICRO;3;2.5;AVAILABLE;2007/09/03;148;15;17;13
GCYNJ1;Na Preguica I - Cascata de Leonte [Peneda-Geres];BRAGA;CrisLuiz;41.754333;-8.14855;MULTI;SMALL;2;4;AVAILABLE;2006/09/26;140;4;2;762
GC14Z6D;ONDE MELHOR SE VE AROUCA;AVEIRO;eterlusitano;40.932867;-8.22535;TRADITIONAL;SMALL;1.5;1.5;AVAILABLE;2007/08/06;294;7;9;694
GC101DW;As Duas Torres [Minas Tirith];SETUBAL;almeidara;38.634217;-9.1865;MULTI;REGULAR;2.5;2.5;AVAILABLE;2007/01/01;193;25;8;49
GC16J8A;Mosteiro de Santa Clara a Velha;COIMBRA;All Happy;40.202217;-8.432383;TRADITIONAL;SMALL;2;1.5;AVAILABLE;2007/10/26;2574;27;29;-9999999
GC10H2Z;PROJECTO VG - S. GENS (SERRA D'OSSA);EVORA;Portelada;38.739467;-7.58385;TRADITIONAL;MICRO;1.5;4;AVAILABLE;2007/01/20;115;7;3;-9999999
GCRJZR;A cache que ja esteve num vulcao;LISBOA;lynx pardinus;38.8603;-9.4467;TRADITIONAL;REGULAR;2;2;AVAILABLE;2005/12/08;350;2;2;79
GCQCH5;Ecopista Rio Minho (Moncao);VIANA DO CASTELO;cou;42.061867;-8.526083;TRADITIONAL;REGULAR;4;4;AVAILABLE;2005/08/31;176;11;5;17
GCQXDH;Salty Pirate Island (Ilha do Rato, Lisbon/Montijo);SETUBAL;DerAlex;38.68695;-9.03585;TRADITIONAL;REGULAR;4;5;AVAILABLE;2005/10/08;180;7;55;0
GC11Z6V;Marco dos 4 Concelhos [ARC-VFR-CPV-GDM];AVEIRO;daraopedal;41.001783;-8.390133;TRADITIONAL;REGULAR;1.5;1.5;AVAILABLE;2007/04/06;90;1;5;460
GCW5H3;Baleal [Peniche];LEIRIA;paulohercules;39.372967;-9.3414;TRADITIONAL;OTHER_SIZE;2;1.5;AVAILABLE;2006/05/21;1648;37;15;3
GC13K9C;Rio de Onor [PN Montezinho];BRAGANCA;almeidara;41.941067;-6.617283;MULTI;REGULAR;1.5;2;AVAILABLE;2007/05/17;90;8;8;-9999999
GCR0YK;Ribeira de Seda - Alter do Chao;PORTALEGRE;M.I.K.E;39.265617;-7.7052;TRADITIONAL;REGULAR;2;3.5;AVAILABLE;2005/10/16;89;1;8;166
GC7177;Monumentos Megaliticos (Castelo de Vide);PORTALEGRE;acaciolobo;39.400567;-7.490067;MULTI;OTHER_SIZE;1.5;1.5;AVAILABLE;2002/07/15;185;4;16;401
GC151A2;Beleza da Barragem do Alto Rabagao;VILA REAL;Silvana;41.745533;-7.775717;TRADITIONAL;REGULAR;2;1.5;AVAILABLE;2007/08/04;158;0;8;884
GCQ7JZ;O Ascensor da Bica / The Bica Funicular;LISBOA;rifkindsss;38.7086;-9.146883;TRADITIONAL;MICRO;2;1.5;DISABLED;2005/08/21;1373;122;61;20
GCGEN1;Book Box;LISBOA;MAntunes;38.874267;-9.204783;TRADITIONAL;LARGE;1;3.5;AVAILABLE;2003/07/12;192;8;47;241
GCZ85M;Alte la baixo [Alte];FARO;& Company;37.231633;-8.179467;TRADITIONAL;REGULAR;2;2;AVAILABLE;2006/11/01;527;29;69;150
GC1409E;Arvores de Interesse Publico [Lx];LISBOA;RuiJSDuarte;38.7163;-9.148433;MULTI;SMALL;1.5;1.5;AVAILABLE;2007/06/29;110;21;20;-9999999
GC15KMM;Barragem da Bouca;LEIRIA;salta-pocinhas;39.8549;-8.222967;TRADITIONAL;REGULAR;2;3;AVAILABLE;2007/09/02;128;4;4;-9999999
GC15NY9;The Lagos 6+1: #6 - Santa Maria;FARO;Team Caracache;37.101433;-8.677867;MULTI;MICRO;2;2;AVAILABLE;2007/09/04;227;16;6;-9999999
GCHRP5;Madrinha [Monchique];FARO;Torgut;37.309267;-8.611967;TRADITIONAL;REGULAR;3;2;AVAILABLE;2004/02/24;419;8;5;774
GC16P3C;Castro de Praganca [Cadaval];LISBOA;HDV;39.19795;-9.058883;TRADITIONAL;REGULAR;2;1.5;AVAILABLE;2007/10/14;338;5;18;294
GC16FRW;Casa Estudio Carlos Relvas;SANTAREM;sammendes;39.402;-8.489267;TRADITIONAL;REGULAR;1.5;1;AVAILABLE;2007/10/07;643;9;23;23
GC12PRD;Contencas de Cima [Mangualde];VISEU;Pedro Matos;40.55675;-7.71905;TRADITIONAL;REGULAR;1.5;1.5;AVAILABLE;2007/05/06;195;0;1;474
GC11J2N;Sr. dos Desamparados;BRAGA;Agostinho e Sandra;41.540617;-8.73585;TRADITIONAL;REGULAR;1;1.5;AVAILABLE;2007/03/18;402;3;2;111
GCZFEJ;Po-de-Anjo [Palmela, Setubal];SETUBAL;almeidara;38.564067;-8.938683;MULTI;REGULAR;1;1.5;AVAILABLE;2006/11/26;201;40;5;95
GCQPJ1;S. Minho (Serra Arga-Viana Castelo);VIANA DO CASTELO;cou;41.800667;-8.6886;TRADITIONAL;REGULAR;2;2;AVAILABLE;2005/09/25;297;4;3;-9999999
GC10KYW;TF-01 Nascentes do Lena [Porto de Mos];LEIRIA;trifaisca;39.579033;-8.813;TRADITIONAL;SMALL;2;2;AVAILABLE;2007/01/28;233;2;3;192
GCN3NX;CEM CACHES [Sintra];LISBOA;Portelada;38.770633;-9.454083;TRADITIONAL;REGULAR;1.5;3;AVAILABLE;2005/03/14;516;12;65;459
GCG1YD;16 (silly name, isn't it?) [Loule];FARO;afonso_loureiro;37.158483;-8.0256;TRADITIONAL;MICRO;1.5;1;AVAILABLE;2003/05/05;510;8;2;291
GC12CTB;My name is Sor, Ponte de Sor;PORTALEGRE;manelov;39.238067;-8.003733;TRADITIONAL;SMALL;2;2;AVAILABLE;2007/04/23;178;6;3;171
GCMR9D;BH12 Miradouro de Sao Pedro de Alcantara [Lisboa];LISBOA;prodrive;38.715183;-9.144133;TRADITIONAL;OTHER_SIZE;1;1;DISABLED;2005/03/03;2642;230;136;55
GC15YGX;Egas Moniz;PORTO;emlino;41.166217;-8.345667;TRADITIONAL;REGULAR;1.5;2;AVAILABLE;2007/09/14;310;3;3;144
GC11BE;LIS Spotter's Place;LISBOA;dmatos;38.7801;-9.140717;VIRTUAL;VIRTUAL;2;3;AVAILABLE;2001/07/21;1202;3;58;117
GC11NCC;Walking on SW Cliff?s;FARO;tfernandes;37.428567;-8.8071;TRADITIONAL;REGULAR;2;2.5;AVAILABLE;2007/03/24;289;0;10;27
GC15861;Miradouro de Senharei  [Arcos de Valdevez];VIANA DO CASTELO;Jafqa;41.8917;-8.4827;TRADITIONAL;SMALL;2;3;AVAILABLE;2007/08/18;179;2;2;536
GC15GRG;The Lagos 6 + 1 - #2 Barao Sao Joao;FARO;Team Caracache;37.139433;-8.776633;MULTI;REGULAR;1.5;2;AVAILABLE;2007/08/29;187;2;2;-9999999
GCMK6J;Linhas de Torres - Forte de Ribas [Loures];LISBOA;lamas;38.895;-9.1625;TRADITIONAL;REGULAR;1;2;AVAILABLE;2005/01/23;309;5;2;-9999999
GCRJZR;A cache que ja esteve num vulcao;LISBOA;lynx pardinus;38.8603;-9.4467;TRADITIONAL;REGULAR;2;2;AVAILABLE;2005/12/08;350;2;2;79
GCMD9N;Calcada Romana e a Portuguesa;LEIRIA;olharapo;39.60951;-8.76735;TRADITIONAL;REGULAR;1.5;3;AVAILABLE;2005/01/02;289;5;2;372
GCVRZB;Sabor Romano [Braganca];BRAGANCA;Bargao_Henriques;41.695333;-6.642867;TRADITIONAL;REGULAR;2;2.5;AVAILABLE;2006/05/01;45;2;8;-9999999
GC13G32;Parque Ambiental [Vilamoura];FARO;Torgut;37.096617;-8.149367;MULTI;SMALL;2;2.5;AVAILABLE;2007/06/13;332;8;21;5
GCKGDF;Tou a Nora... [Galafura];VILA REAL;Silvana;41.173083;-7.67235;MULTI;REGULAR;1;1;AVAILABLE;2004/09/05;126;9;12;617
GC1598Y;PORTO D'OLHO;BRAGA;eterlusitano;41.577683;-7.971067;TRADITIONAL;SMALL;2;2;AVAILABLE;2007/08/20;73;2;5;-9999999
GC16TVF;Ganda Pedrada ... [Serra da Peneda];VIANA DO CASTELO;pxlobo;41.928983;-8.2917;TRADITIONAL;REGULAR;2;4.5;AVAILABLE;2007/10/14;48;0;16;1393
GC11YE6;The Peak of Peaks [Braga];BRAGA;jcr;41.565367;-8.342783;TRADITIONAL;REGULAR;3.5;4;AVAILABLE;2007/04/05;119;5;7;549
GCZZ8B;Tou Xim [Odivelas];LISBOA;almeidara;38.782367;-9.200133;TRADITIONAL;REGULAR;1;2.5;AVAILABLE;2006/12/27;321;14;6;-9999999
GCZFDX;A'caca no Sal;SETUBAL;almeidara;38.3738;-8.510517;MULTI;REGULAR;1.5;1.5;AVAILABLE;2006/11/21;445;8;10;42
GCRMBB;Castelo de Sta. Cruz [Arcos de Valdevez];VIANA DO CASTELO;marioafonso;41.849817;-8.447333;TRADITIONAL;REGULAR;2;2;AVAILABLE;2005/12/21;256;7;14;392
GC176YG;Poco das Pias;GUARDA;nmcouto;40.4558;-7.395583;TRADITIONAL;REGULAR;4;4.5;AVAILABLE;2007/11/05;47;3;1;917
GCXXY4;Sudoku Symphony of the Serras;FARO;Team Caracache;37.2657;-8.7007;PUZZLE;REGULAR;3;3;AVAILABLE;2006/09/11;40;5;5;-9999999
GCV5AY;RUDIAN (Arrabida);SETUBAL;samcam;38.481517;-8.981133;MULTI;OTHER_SIZE;4;4.5;AVAILABLE;2006/03/31;257;9;117;91
GC17AKM;Forte do Cavalo - Farois de Portugal;SETUBAL;PPereira;38.43465;-9.116317;TRADITIONAL;REGULAR;2;2.5;AVAILABLE;2007/11/10;849;15;1;8
GC15KW3;ST43 - CONVENTO FRANCISCANO DE MONTARIOL;BRAGA;SPY_Team;41.56975;-8.412033;TRADITIONAL;REGULAR;1.5;1.5;AVAILABLE;2007/09/02;529;3;1;246
GCTHFG;Numb3rs [Lisboa];LISBOA;almeidara;38.762867;-9.0954;PUZZLE;MICRO;2;1;AVAILABLE;2006/02/20;1217;34;8;7
GCV43A;GnE IV - Regueira [Rio Maior];SANTAREM;TattaTeam;39.365717;-8.948267;TRADITIONAL;LARGE;1.5;2.5;AVAILABLE;2006/03/28;341;8;2;104
GC13B9B;The Electro Box;LISBOA;clcortez;38.880933;-9.1381;TRADITIONAL;LARGE;3.5;4;AVAILABLE;2007/06/01;124;14;19;195
GCZ84D;Albandeira [Lagoa];FARO;prodrive;37.0904;-8.400617;TRADITIONAL;REGULAR;1;1.5;AVAILABLE;2006/10/29;1112;25;59;0
GC14BD9;ST01 - SANTA MARTA DAS CORTICAS;BRAGA;SPY_Team;41.5145;-8.395533;MULTI;REGULAR;2.5;1.5;AVAILABLE;2007/07/14;259;7;2;543
GC14DBM;The Stargate Mystery;SETUBAL;Blue_Trekkers;38.616667;-9.233333;PUZZLE;SMALL;2.5;1.5;AVAILABLE;2007/11/07;280;3;5;0
GCXQFP;Sal da Cobra [Figueira da Foz];COIMBRA;rebordao;40.1112;-8.830733;TRADITIONAL;REGULAR;2;2;AVAILABLE;2006/08/16;499;10;47;3
GC15DFN;TF-05 Alto da Cova da Velha;LEIRIA;trifaisca;39.560483;-8.808117;TRADITIONAL;REGULAR;2.5;3;AVAILABLE;2007/08/25;300;2;38;506
GC12G4N;Ribeira da Meimoa - dos Lusitanos ao Rock;CASTELO BRANCO;Blue_Trekkers;40.226117;-7.188483;MULTI;SMALL;3;2;AVAILABLE;2007/04/28;93;7;0;475
GC126T1;Cavalo de Ferro [Entroncamento];SANTAREM;mtrevas;39.465467;-8.471167;TRADITIONAL;SMALL;3.5;2.5;AVAILABLE;2007/04/15;424;54;132;38
GC11CPZ;#400 [Lisboa];LISBOA;B.O.D.A.;38.74385;-9.188017;MULTI;REGULAR;5;5;AVAILABLE;2007/03/11;251;9;82;93
GC12B19;Vista Armona [Olhao];FARO;alieri;37.029533;-7.81245;TRADITIONAL;SMALL;2;2;AVAILABLE;2007/04/21;417;19;8;3
GCXZY2;Toledo Spot;SETUBAL;pmateus21;38.479783;-8.9816;TRADITIONAL;REGULAR;2;3;AVAILABLE;2006/08/26;407;8;13;23
GC14NYB;Montargil [08]: O Patriarca;PORTALEGRE;Matusarum;39.123317;-8.133117;TRADITIONAL;SMALL;1.5;1.5;AVAILABLE;2007/07/27;301;3;24;-9999999
GCQHWR;Vicky;VILA REAL;Amaro_Team;41.805933;-7.963383;TRADITIONAL;REGULAR;4;3.5;AVAILABLE;2005/09/10;38;0;12;808
GC15AWK;Minas do Ouro Negro [Geoparque Arouca];AVEIRO;daraopedal;40.878783;-8.136;TRADITIONAL;SMALL;1.5;2.5;AVAILABLE;2007/08/21;319;2;23;671
GC15X3H;AsSeteColinas #2 - Sto. Andre;LISBOA;WIMM Team;38.716533;-9.1315;TRADITIONAL;OTHER_SIZE;2.5;1;AVAILABLE;2007/09/12;909;90;16;78
GC1020Z;GT Dino's Lunch Box [Sintra] [Lisbon};LISBOA;golden-team;38.808333;-9.481317;TRADITIONAL;LARGE;1.5;1.5;AVAILABLE;2006/12/29;387;9;17;57
GC13K9C;Rio de Onor [PN Montezinho];BRAGANCA;almeidara;41.941067;-6.617283;MULTI;REGULAR;1.5;2;AVAILABLE;2007/05/17;90;8;8;-9999999
GC10GWX;Quatrim do Sul [Olhao];FARO;Torgut;37.035017;-7.7992;TRADITIONAL;REGULAR;2;2;DISABLED;2007/01/22;363;25;5;1
GC13JZ6;Monte S. Joao de Valinhas [Arouca];AVEIRO;daraopedal;40.93585;-8.263967;TRADITIONAL;SMALL;2;2.5;AVAILABLE;2007/06/08;93;3;1;429
GCWVKQ;The Stolen Gold of Romarigaes  [Paredes de Coura];VIANA DO CASTELO;Os Cacheiros Viajantes;41.866867;-8.6254;MULTI;REGULAR;3.5;3.5;AVAILABLE;2006/06/28;52;4;9;231
GC16AY7;Funicular dos Guindais;PORTO;Macafe;41.143217;-8.608167;TRADITIONAL;SMALL;2;1.5;AVAILABLE;2007/09/02;2402;56;70;81
GC14M5D;Bonjoia Heraldic Riddle;PORTO;kidloco;41.152683;-8.5762;PUZZLE;SMALL;3;1.5;AVAILABLE;2007/07/26;229;8;7;39
GC11NWC;O Mundo Dividido [Alcacovas];EVORA;almeidara;38.3954;-8.154517;MULTI;REGULAR;1.5;1.5;AVAILABLE;2007/03/24;159;13;3;217
GC11ZJP;S. Miguel do Rio Torto 2 (Abrantes);SANTAREM;Akagi;39.4174;-8.266267;TRADITIONAL;REGULAR;3;4;AVAILABLE;2007/04/06;75;3;20;101
GC16HG3;PILAR ;PORTO;eterlusitano;41.286617;-8.427467;TRADITIONAL;SMALL;3.5;2.5;AVAILABLE;2007/10/08;174;1;3;472
GCR9RW;Cantaro Magro;GUARDA;nat_cache;40.328033;-7.5991;TRADITIONAL;REGULAR;2;4.5;AVAILABLE;2005/11/05;249;7;79;-9999999
GCWKCV;Escadinhas - Carvoeiro;FARO;matela;37.09365;-8.467017;TRADITIONAL;SMALL;3.5;2;AVAILABLE;2006/08/06;1605;71;378;10
GC11BWX;DP32 - Vila Boa de Ousilhao;BRAGANCA;danieloliveira;41.805767;-6.9166;TRADITIONAL;SMALL;1.5;3;AVAILABLE;2007/03/08;45;0;0;639
GCVG5P;SHOW ME THE MONEY! A tribute to Alves dos Reis.;PORTALEGRE;Geografo;39.123817;-7.71955;TRADITIONAL;SMALL;2;1.5;AVAILABLE;2006/04/16;80;1;4;170
GCVYZR;FTF!! FTF!! FTF!!;LISBOA;Felinos;38.743117;-9.13595;TRADITIONAL;MICRO;1.5;1.5;AVAILABLE;2006/05/09;1331;48;5;84
GC88D3;Castelo dos Mouros;LISBOA;MAntunes;38.792783;-9.387783;TRADITIONAL;REGULAR;4;3.5;AVAILABLE;2002/09/01;706;184;123;388
GCVRYQ;Torstens Corner;FARO;zappelfry;37.0563;-8.8514;TRADITIONAL;REGULAR;3;3.5;AVAILABLE;2006/05/01;143;25;25;-9999999
GCYVQV;Indiana Jones e a Ponte Perdida [Vouzela, Viseu];VISEU;almeidara;40.716783;-8.119183;TRADITIONAL;REGULAR;1.5;3;AVAILABLE;2006/10/13;250;14;20;320
GC13MJ9;Cruz de Portugal [Xelb];FARO;clcortez;37.1943;-8.432117;TRADITIONAL;MICRO;2.5;1.5;AVAILABLE;2007/06/13;969;91;0;11
GC15QX7;PX1- Praia da Falca;LEIRIA;papoilix;39.648083;-9.070917;TRADITIONAL;REGULAR;1.5;2;AVAILABLE;2007/09/07;459;2;7;15
GC16K7J;Da Oliveira a Penha II [Guimaraes];BRAGA;hfilipe;41.445583;-8.292517;MULTI;REGULAR;2.5;2;AVAILABLE;2006/04/30;249;13;12;205
GCT9EM;Pomarao;BEJA;clcortez;37.55375;-7.525767;TRADITIONAL;REGULAR;3;2.5;AVAILABLE;2006/01/30;82;2;8;12
GC54DD;Last Home of Gertrude [Mafra];LISBOA;MikeAndCows;38.88511;-9.3433;TRADITIONAL;REGULAR;3;3;AVAILABLE;2002/05/05;414;2;101;-9999999
GC15APY;A cache no centro [Charneca Caparica];SETUBAL;almeidara;38.589833;-9.198667;PUZZLE;MICRO;2.5;1.5;AVAILABLE;2007/08/21;175;8;2;63
GCW978;Placido [Pte de Lima - pt+en];VIANA DO CASTELO;caixeiros;41.7803;-8.605917;TRADITIONAL;SMALL;1;1;AVAILABLE;2006/05/27;472;1;10;214
GC15ZJF;Paco de Giela [Arcos de Valdevez];VIANA DO CASTELO;jmesteves68;41.849617;-8.408017;MULTI;REGULAR;2;2;AVAILABLE;2007/09/16;203;5;7;71
GCY6CB;three mountains;VISEU;rescue_man;41.004075;-7.801008;TRADITIONAL;REGULAR;1.5;1.5;AVAILABLE;2006/09/07;128;2;0;1082
GC16EQK;LOUSADA 1;PORTO;eterlusitano;41.26965;-8.2617;MULTI;MICRO;1.5;2;AVAILABLE;2007/10/05;114;5;1;197
GC14XQQ;ALDEIA DA PENA I;VISEU;eterlusitano;40.876383;-8.080267;TRADITIONAL;SMALL;3.5;4.5;AVAILABLE;2007/08/05;133;2;37;-9999999
GCQHWR;Vicky;VILA REAL;Amaro_Team;41.805933;-7.963383;TRADITIONAL;REGULAR;4;3.5;AVAILABLE;2005/09/10;38;0;12;808
GC163XK;Centro Cultural e de Congressos [Aveiro];AVEIRO;dfsilva;40.638883;-8.645117;TRADITIONAL;SMALL;2;1;AVAILABLE;2007/09/21;1633;41;8;-9999999
GC142TP;Lucky Key;PORTO;kidloco;41.193017;-8.707117;PUZZLE;SMALL;3.5;1.5;AVAILABLE;2007/07/03;360;14;6;4
GC14RM9;Curral do Negro [Gouveia];GUARDA;cmatos;40.490883;-7.574817;TRADITIONAL;REGULAR;1.5;1.5;AVAILABLE;2007/07/28;292;1;6;887
GCVN3W;The Mountain Shrine [Lousa];COIMBRA;Geografo;40.0983;-8.236367;TRADITIONAL;MICRO;3.5;2;AVAILABLE;2006/04/24;585;7;30;-9999999
GCVVZH;Expedicao Scientifica a Serra da Estrella;GUARDA;Os Cacheiros Viajantes;40.348367;-7.619883;TRADITIONAL;REGULAR;2;2;AVAILABLE;2006/04/25;192;7;5;1838
GC15M5W;Santo Antonio dos Capuchos [Leiria];LEIRIA;AntMadeira;39.743917;-8.813867;TRADITIONAL;SMALL;1;1.5;DISABLED;2007/09/02;1304;37;0;61
GCY37F;XXL Challenge - [Minas dos Carris];VILA REAL;Walcarr;41.8116;-8.043283;TRADITIONAL;REGULAR;2;4.5;AVAILABLE;2006/09/02;254;4;54;1391
GCR5C1;Sao Macario;VISEU;rifkindsss;40.8758;-8.061283;MULTI;REGULAR;2;2;AVAILABLE;2005/10/23;231;6;16;-9999999
GC142PK;Capela Sao Joao - Pitoes da Junias;VILA REAL;Panda Becas;41.83065;-7.974233;TRADITIONAL;MICRO;2;3.5;AVAILABLE;2007/07/02;93;3;22;1083
GC15VRB;Moinho das Pernadas [Odeleite];FARO;NFreitas;37.34695;-7.468717;TRADITIONAL;MICRO;1.5;1;AVAILABLE;2007/09/10;149;3;7;17
GCQ0JQ;Mafra Real;LISBOA;play mobil;38.938517;-9.321767;TRADITIONAL;REGULAR;1.5;1;AVAILABLE;2005/08/05;1265;50;21;245
GC1213C;O Ultimo Uivo;BRAGA;TheCelticSpirit;41.7424;-8.3525;TRADITIONAL;REGULAR;2;1.5;AVAILABLE;2007/04/08;89;0;3;672
GC15994;Moinho da Tramaga;PORTALEGRE;TonyMary;39.229283;-8.02755;MULTI;SMALL;1.5;1.5;AVAILABLE;2007/08/19;126;11;7;-9999999
GC15C9T;Ribat da Arrifana [Aljezur];FARO;acasim;37.31965;-8.876167;TRADITIONAL;SMALL;1;2.5;AVAILABLE;2007/08/23;521;3;29;30
GC13MBF;Ar;VILA REAL;Reino Maravilhoso;41.1726;-7.672433;MULTI;REGULAR;2;2;AVAILABLE;2007/06/14;76;6;4;616
GC1585G;AA10 - Parque Tematico da Lagoa;LEIRIA;H3A;39.833817;-8.855283;MULTI;REGULAR;2;1.5;AVAILABLE;2007/08/18;235;11;0;14
GCXQQ9;Estela-Menir [Tondela, Viseu];VISEU;almeidara;40.633433;-8.086467;TRADITIONAL;REGULAR;1;1.5;AVAILABLE;2006/08/15;287;1;0;-9999999
GCF508;Far away, so close;CASTELO BRANCO;GreenShades;39.644917;-7.68785;TRADITIONAL;REGULAR;2;4;AVAILABLE;2003/04/06;206;21;71;165
GCQ2BN;S. Lourenco Beach [Mafra];LISBOA;Bargao_Henriques;39.010167;-9.425167;MULTI;REGULAR;1.5;2.5;AVAILABLE;2005/08/08;369;4;18;4
GCG1YK;Homage to Kazuo Dan [Torres Vedras];LISBOA;Lobo Astuto;39.135367;-9.382167;VIRTUAL;VIRTUAL;1;1;AVAILABLE;2003/05/03;838;0;22;17
GCP007;Moorish River;COIMBRA;Geografo;40.09715;-8.4996;TRADITIONAL;SMALL;2;3.5;AVAILABLE;2005/05/19;270;9;64;-9999999
GCG5DX;O Refugio de D. Teresa [Povoa de Lanhoso];BRAGA;gc_man;41.587167;-8.281333;TRADITIONAL;NOT_CHOSEN;2;2;AVAILABLE;2003/05/24;618;39;44;344
GCP9A4;Lapa da Columbeira [Bombarral];LEIRIA;paulohercules;39.29895;-9.201083;TRADITIONAL;REGULAR;2.5;4;AVAILABLE;2005/06/12;275;11;45;108
GCWA0A;Surf Spot [Mafra];LISBOA;Bargao_Henriques;39.00065;-9.42525;TRADITIONAL;REGULAR;1.5;2.5;AVAILABLE;2006/05/29;520;2;12;10
GC16X2A;BG03 - Parapente;LEIRIA;BVGeMCM;39.54545;-8.790817;TRADITIONAL;REGULAR;1.5;2;AVAILABLE;2007/10/21;125;4;0;578
GCK9AV;Lopo Vaz;ARQUIPELAGO DOS ACORES;nurbocris;39.375;-31.206433;TRADITIONAL;MICRO;2;4;AVAILABLE;2004/08/04;92;6;8;11
GC156T3;Parque de lazer da Palma [Arouca];AVEIRO;lamas;40.896833;-8.226317;TRADITIONAL;REGULAR;1;2;AVAILABLE;2007/08/16;66;1;1;630
GCR5C1;Sao Macario;VISEU;rifkindsss;40.8758;-8.061283;MULTI;REGULAR;2;2;AVAILABLE;2005/10/23;231;6;16;-9999999
GC1704M;Forno das Feiticeiras [Outao - Setubal];SETUBAL;truta;38.487817;-8.9371;TRADITIONAL;SMALL;2;3;AVAILABLE;2007/10/21;412;12;70;19
GC15HQV;Teatro Solar [Faro];FARO;alieri;37.025017;-7.944417;TRADITIONAL;SMALL;2;1.5;AVAILABLE;2007/08/30;872;19;3;-9999999
GC17460;Cabo Raso - Farois de Portugal;LISBOA;zepe_ly;38.70955;-9.48585;TRADITIONAL;SMALL;1;1.5;AVAILABLE;2007/11/01;1294;16;17;0
GCZM6R;Caldas de Monchique;FARO;ShadowLord;37.28475;-8.55405;MULTI;REGULAR;2;3;AVAILABLE;2006/12/01;315;50;38;207
GCJN1H;Cabo da Roca II - The W point of Europa;LISBOA;Portelada;38.78435;-9.496;TRADITIONAL;REGULAR;1.5;3.5;AVAILABLE;2004/06/07;692;9;66;57
GCTC1P;The Watchtower [Lisboa];LISBOA;Felinos;38.730783;-9.131667;TRADITIONAL;SMALL;1.5;2;DISABLED;2006/02/07;870;46;25;91
GC1030Y;Abutres!;CASTELO BRANCO;MAntunes;39.66005;-7.175167;MULTI;REGULAR;2;2.5;AVAILABLE;2006/12/29;31;1;11;161
GCX9P2;Pedra da Ferida [Penela];COIMBRA;gredinha;40.0205;-8.325;MULTI;SMALL;3;2.5;AVAILABLE;2006/07/22;175;21;46;-9999999
GC10QP0;Real Fabrica do Gelo [Montejunto];LISBOA;NFreitas;39.177633;-9.050783;TRADITIONAL;REGULAR;2;1.5;AVAILABLE;2007/02/03;555;20;38;537
GC169XX;Monte Clerigo II;FARO;Psipsina;37.3439;-8.848967;TRADITIONAL;REGULAR;1.5;1.5;AVAILABLE;2007/09/29;584;19;2;45
GCP007;Moorish River;COIMBRA;Geografo;40.09715;-8.4996;TRADITIONAL;SMALL;2;3.5;AVAILABLE;2005/05/19;270;9;64;-9999999
GC115GG;Footprints in the sand - DP/EC8;LISBOA;danieloliveira;38.80965;-9.479367;EARTHCACHE;NOT_CHOSEN;1.5;3;AVAILABLE;2007/02/26;248;1;31;49
GCV4HP;Era uma vez... na Serra da Boa Viagem;COIMBRA;rifkindsss;40.192967;-8.882983;TRADITIONAL;REGULAR;1.5;1.5;AVAILABLE;2006/03/29;669;67;5;238
GC13J9M;Seaside Paradise;FARO;kidloco;37.088467;-8.1957;TRADITIONAL;SMALL;1.5;2;AVAILABLE;2007/06/29;1182;17;67;3
GC11VE3;na Paz do Parque (again) [parque da paz #1];SETUBAL;bolacha;38.663317;-9.167383;TRADITIONAL;REGULAR;2.5;2;AVAILABLE;2007/04/01;813;94;8;25
GC174W7;Alcaria Ruiva [ Mertola ];BEJA;alieri;37.700267;-7.76135;TRADITIONAL;REGULAR;1.5;3;AVAILABLE;2007/11/03;96;1;11;350
GC15999;CABECEIRAS A VISTA;BRAGA;eterlusitano;41.490767;-8.02445;TRADITIONAL;REGULAR;2.5;2;AVAILABLE;2007/08/20;60;2;2;750
GC10YAH;Serra do Caldeirao [S.B. Alportel];FARO;Torgut;37.211633;-7.893733;MULTI;REGULAR;3;3;AVAILABLE;2007/02/19;50;8;7;463
GCY3MF;Black Pit [Penafiel];PORTO;Silvana;41.0581;-8.3678;TRADITIONAL;REGULAR;2;3;AVAILABLE;2006/09/02;64;9;7;33
GC15XNT;Lenda de N. Sra. das Neves [Bagunte-Vila do Conde];PORTO;eniel;41.3895;-8.64465;TRADITIONAL;SMALL;2;2;AVAILABLE;2007/09/13;297;1;3;-9999999
GCQXCZ;Costa Azul [Santiago Cacem];SETUBAL;G@tos;38.0578;-8.81955;TRADITIONAL;SMALL;2;3;AVAILABLE;2005/10/08;253;3;11;22
GCX3Y3;22.5 House Barao Sao Joao area, Algarve;FARO;Team Caracache;37.156283;-8.801617;MULTI;SMALL;3;3;AVAILABLE;2006/07/12;61;4;3;143
GC176H2;UBI - Universidade da Beira Interior [Covilha];CASTELO BRANCO;pEtErpAn&sInInhO;40.27375;-7.508333;MULTI;REGULAR;3;1.5;AVAILABLE;2007/11/05;381;16;11;682
GCV43A;GnE IV - Regueira [Rio Maior];SANTAREM;TattaTeam;39.365717;-8.948267;TRADITIONAL;LARGE;1.5;2.5;AVAILABLE;2006/03/28;341;8;2;104
GCMD0V;A crianca que veio do passado [Leiria];LEIRIA;Baunilha & Chocolate;39.756517;-8.73405;TRADITIONAL;REGULAR;2;3;AVAILABLE;2005/01/01;389;19;11;-9999999
GC11CPZ;#400 [Lisboa];LISBOA;B.O.D.A.;38.74385;-9.188017;MULTI;REGULAR;5;5;AVAILABLE;2007/03/11;251;9;82;93
GC32B5;Prehistory Repeating;BRAGA;plntrplntr;41.5284;-8.3148;TRADITIONAL;REGULAR;3.5;2.5;AVAILABLE;2002/01/14;204;2;15;304
GC14Z6Y;VISTAS DE S. DOMINGOS ;AVEIRO;eterlusitano;41.0271;-8.351633;TRADITIONAL;REGULAR;1.5;1.5;AVAILABLE;2007/08/06;152;15;12;390
GC1632B;SANTO OVIDIO ;BRAGA;eterlusitano;41.456067;-8.1849;TRADITIONAL;SMALL;2.5;3.5;AVAILABLE;2007/09/20;137;13;1;302
GCAE48;Miradouro;ARQUIPELAGO DOS ACORES;Leemax;37.789617;-25.14535;VIRTUAL;VIRTUAL;1;1;AVAILABLE;2002/11/14;672;1;35;248
GCPFNG;Linhas de Torres Monumento e Forte de Alhandra;LISBOA;lamas;38.925267;-9.015083;MULTI;SMALL;2;2.5;AVAILABLE;2005/06/26;278;13;9;65
GC16FTZ;Mondadeiras de V. de Maceiras sobre 99 passadeiras;PORTALEGRE;geosuchs;39.061283;-7.586967;TRADITIONAL;REGULAR;1;1;AVAILABLE;2007/10/07;66;1;2;179
GCZ5JP;Cucos Valley [Torres Vedras];LISBOA;MONTE DA LUA;39.090417;-9.2413;TRADITIONAL;REGULAR;1.5;1.5;AVAILABLE;2006/11/01;611;6;9;40
GC13MBB;Fogo;VILA REAL;Reino Maravilhoso;41.172633;-7.67215;MULTI;REGULAR;2;2;AVAILABLE;2007/06/14;95;2;4;616
GC15EEM;Rua de Santo Antonio [Faro];FARO;Torgut;37.016183;-7.932483;TRADITIONAL;MICRO;2;1;AVAILABLE;2007/09/12;750;39;7;7
GC15XEX;SEIXOSO ;PORTO;eterlusitano;41.343483;-8.131433;TRADITIONAL;REGULAR;2;2;AVAILABLE;2007/09/13;65;5;1;504
GC127B0;Ermida de Sao Domingos;VISEU;Saltacachinhas;41.1204;-7.746733;TRADITIONAL;REGULAR;1;1.5;AVAILABLE;2007/04/14;227;11;0;716
GCRQT1;Guns of Navarone [Trafaria];SETUBAL;B.O.D.A.;38.668217;-9.235267;TRADITIONAL;REGULAR;2;2;AVAILABLE;2005/12/26;612;9;100;-9999999
GC16673;ONDE MELHOR SE VE GUIMARAES;BRAGA;eterlusitano;41.433867;-8.269033;TRADITIONAL;MICRO;2.5;1.5;AVAILABLE;2007/09/24;790;45;14;557
GCGP33;Stairway to...;VISEU;jppina;40.612;-7.746033;TRADITIONAL;REGULAR;2;2;AVAILABLE;2003/08/18;583;16;3;564
GCZRB4;Penamacor;CASTELO BRANCO;Ogato;40.167133;-7.165817;TRADITIONAL;NOT_CHOSEN;1.5;1.5;AVAILABLE;2006/12/09;365;20;9;574
GCZ62Y;Linhas de Torres - Forte de Sao Vicente [T Vedras];LISBOA;vsergios;39.100483;-9.26625;TRADITIONAL;SMALL;1.5;1.5;AVAILABLE;2006/11/03;698;22;11;-9999999
GC1575N;BlackJack;LISBOA;Blue_Trekkers;38.763186;-9.061146;PUZZLE;MICRO;3;1;AVAILABLE;2007/08/18;413;66;2;0
GCH0Z3;Loca do Gato [Loures];LISBOA;clcortez;38.8629;-9.22;TRADITIONAL;REGULAR;3.5;3.5;AVAILABLE;2003/08/24;220;18;63;247
GC15BBE;Passaro de Chuva;LISBOA;Kelux;38.752683;-9.263217;TRADITIONAL;MICRO;2;1.5;AVAILABLE;2007/08/22;877;25;1;-9999999
GC640F;Stairway to Heaven;VIANA DO CASTELO;GreenShades;41.973133;-8.233567;TRADITIONAL;REGULAR;2;4;AVAILABLE;2002/06/09;169;2;46;-9999999
GCYHNG;TP02 - NO REINO DOS BURII [Pte da Barca];VIANA DO CASTELO;Fernando Rei;41.770867;-8.374217;TRADITIONAL;REGULAR;3.5;4;AVAILABLE;2006/09/27;99;3;20;720
GCZ820;ENCYCLOPAEDIA GALACTICA [Constancia];SANTAREM;Paulo Martins;39.495783;-8.324533;TRADITIONAL;SMALL;1;1.5;AVAILABLE;2006/11/06;571;2;23;152
GCY1YC;SE de Portugal [V.R. Sto. Antonio];FARO;NFreitas;37.187317;-7.4164;MULTI;SMALL;2;1.5;AVAILABLE;2006/08/31;515;62;5;2
GC15994;Moinho da Tramaga;PORTALEGRE;TonyMary;39.229283;-8.02755;MULTI;SMALL;1.5;1.5;AVAILABLE;2007/08/19;126;11;7;-9999999
GCV4H1;Era uma vez... no Jardim da Sereia;COIMBRA;rifkindsss;40.208983;-8.417033;TRADITIONAL;MICRO;1.5;1.5;AVAILABLE;2006/03/29;1934;49;4;90
GCM8AA;Mosteiro de Cos [Alcobaca];LEIRIA;olharapo;39.605683;-8.95495;TRADITIONAL;REGULAR;2.5;2;AVAILABLE;2004/12/10;404;16;4;82
GCK1JY;Atlantis [Pico];ARQUIPELAGO DOS ACORES;Joao&Olivia;38.468917;-28.3994;TRADITIONAL;REGULAR;2;4.5;AVAILABLE;2004/07/20;196;25;48;2286
GC15984;VG OUTEIRAO, A 922 MTS DE SI...;BRAGA;eterlusitano;41.595133;-8.0286;TRADITIONAL;SMALL;2;2;AVAILABLE;2007/08/20;49;4;3;891
GC13HFZ;Vassouras de raposa;SANTAREM;juquinha;39.508683;-8.029917;TRADITIONAL;REGULAR;1;2;AVAILABLE;2007/06/10;130;0;0;-9999999
GC14562;Foz Castle;PORTO;kidloco;41.149067;-8.673833;MULTI;MICRO;2;1.5;AVAILABLE;2007/07/12;242;36;7;7
GCYBXB;Castelo do Giraldo, O Sem Pavor;EVORA;defenderone;38.5375;-8.032983;TRADITIONAL;SMALL;2;2;AVAILABLE;2006/09/17;331;14;27;320
GCN5ND;Epigenia do Ceira;COIMBRA;grade;40.176683;-8.17345;TRADITIONAL;REGULAR;4;4;AVAILABLE;2005/03/19;217;21;63;148
GC12D55;Fragas de S. Simao;LEIRIA;Paulo Martins;39.9163;-8.319067;TRADITIONAL;REGULAR;2;2;AVAILABLE;2007/04/22;525;3;52;-9999999
GC10YAH;Serra do Caldeirao [S.B. Alportel];FARO;Torgut;37.211633;-7.893733;MULTI;REGULAR;3;3;AVAILABLE;2007/02/19;50;8;7;463
GC513F;A great view of Lisbon [Lisboa];LISBOA;orebelo;38.713783;-9.133117;VIRTUAL;VIRTUAL;1;1;AVAILABLE;2002/04/25;2612;8;297;84
GCXXY4;Sudoku Symphony of the Serras;FARO;Team Caracache;37.2657;-8.7007;PUZZLE;REGULAR;3;3;AVAILABLE;2006/09/11;40;5;5;-9999999
GC25BB;Pela Pre-Historia do Alentejo;EVORA;MAntunes;38.539417;-8.0142;MULTI;REGULAR;1.5;1.5;AVAILABLE;2001/10/30;194;15;27;219
GC1779Z;A Passagem [Cartaxo];SANTAREM;FamiliaSilvestre;39.104717;-8.73335;TRADITIONAL;SMALL;2.5;2.5;AVAILABLE;2007/11/03;348;15;23;5
GCWDDE;Prado do Vidoal [Geres - pt+en];BRAGA;caixeiros;41.76725;-8.1468;MULTI;SMALL;2.5;3;AVAILABLE;2006/06/03;155;6;41;860
GCXQVQ;Minho Verde [Pte de Lima - pt+en]];VIANA DO CASTELO;caixeiros;41.689567;-8.5847;MULTI;SMALL;2.5;2.5;AVAILABLE;2006/08/15;60;6;0;239
GCP9Y5;Miel Cache;FARO;Team Goofy;37.175483;-8.909083;TRADITIONAL;REGULAR;1;2.5;DISABLED;2005/06/13;674;3;8;-9999999
GC1519F;Serra do Larouco - Montalegre;VILA REAL;Silvana;41.880233;-7.7193;TRADITIONAL;REGULAR;1.5;2;AVAILABLE;2007/08/01;139;1;12;1482
GCRM3D;Rio Paleozoico [Valongo - pt+en];PORTO;caixeiros;41.15355;-8.481767;TRADITIONAL;SMALL;2;2;AVAILABLE;2005/12/10;261;6;5;44
GC15R79;Capela do Vale;SANTAREM;sammendes;39.485167;-8.535383;TRADITIONAL;SMALL;2.5;2;AVAILABLE;2007/09/07;702;22;14;32
GCN0N8;Rocha dos Louros;ARQUIPELAGO DA MADEIRA;macmurphy;32.761867;-17.135683;TRADITIONAL;MICRO;3;4;AVAILABLE;2005/03/01;1178;18;39;1001
GC14ZF7;S. Pedro Velho - Freita [Geoparque Arouca];AVEIRO;daraopedal;40.875067;-8.2809;TRADITIONAL;SMALL;2.5;2.5;AVAILABLE;2007/08/06;296;2;17;-9999999
GCQ0JQ;Mafra Real;LISBOA;play mobil;38.938517;-9.321767;TRADITIONAL;REGULAR;1.5;1;AVAILABLE;2005/08/05;1265;50;21;245
